Workbook

Sheet DATA
A1: CustomerID | B1: Surname | C1: CreditScore | D1: Geography | E1: Gender | F1: Age | G1: Tenure | H1: Balance | I1: NumOfProducts | J1: HasCrCard | K1: IsActiveMember | L1: EstimatedSalary | M1: Churn | N1: z-score of Balance | O1: z-score of Salary | P1: Age Category | Q1: Tenure Period | R1: CS Category | S1: Gender Category | T1: Geography Category
A2: 1 | B2: Davis | C2: 764 | D2: Germany | E2: Male | F2: 20 | G2: 7 | H2: 119274.87 | I2: 3 | J2: 1 | K2: 0 | L2: 107886.77 | M2: 0 | N2: =(H2-$X$4)/$X$7 -> -0.12663164 | O2: =(L2-$Y$5)/$Y$8 -> 0.62719441 | P2: {=_xlfn.IFS(AND(F2>15,F2<=30), "Youngsters", AND(F2>30,F2<=50), "Adults", AND(F2>50,F2<=70),"Old person", AND(F2>70, F2<92), "Senior Citizens")} -> Youngsters | Q2: {=_xlfn.IFS(G2=0,"No Tenure Period",AND(G2>0,G2<=3),"Less Tenure Period",AND(G2>3,G2<=7),"More Tenure Period",AND(G2>7,G2<=10),"Large Tenure Period")} -> More Tenure Period | R2: {=_xlfn.IFS(AND(C2>300,C2<=525),"1 Star",AND(C2>525,C2<=600),"2 Star",AND(C2>600,C2<=700),"3 Star",AND(C2>700,C2<=750),"4 Star",AND(C2>750,C2<=900),"5 Star")} -> 5 Star | S2: {=_xlfn.IFS(E2="Male",1,E2="Female",2)} -> 1 | T2: {=_xlfn.IFS(D2="France",1,D2="Germany",2,D2="Spain",3)} -> 2
A3: 2 | B3: Smith | C3: 365 | D3: Spain | E3: Female | F3: 64 | G3: 3 | H3: 203737.4 | I3: 3 | J3: 1 | K3: 1 | L3: 52848.11 | M3: 0 | N3: =(H3-$X$4)/$X$7 -> 1.0469073 | O3: =(L3-$Y$5)/$Y$8 -> -0.71774907 | P3: {=_xlfn.IFS(AND(F3>15,F3<=30), "Youngsters", AND(F3>30,F3<=50), "Adults", AND(F3>50,F3<=70),"Old person", AND(F3>70, F3<92), "Senior Citizens")} -> Old person | Q3: {=_xlfn.IFS(G3=0,"No Tenure Period",AND(G3>0,G3<=3),"Less Tenure Period",AND(G3>3,G3<=7),"More Tenure Period",AND(G3>7,G3<=10),"Large Tenure Period")} -> Less Tenure Period | R3: {=_xlfn.IFS(AND(C3>300,C3<=525),"1 Star",AND(C3>525,C3<=600),"2 Star",AND(C3>600,C3<=700),"3 Star",AND(C3>700,C3<=750),"4 Star",AND(C3>750,C3<=900),"5 Star")} -> 1 Star | S3: {=_xlfn.IFS(E3="Male",1,E3="Female",2)} -> 2 | T3: {=_xlfn.IFS(D3="France",1,D3="Germany",2,D3="Spain",3)} -> 3
A4: 3 | B4: Jones | C4: 519 | D4: Germany | E4: Male | F4: 69 | G4: 6 | H4: 146780.5 | I4: 3 | J4: 0 | K4: 0 | L4: 94395.02 | M4: 0 | N4: =(H4-$X$4)/$X$7 -> 0.25553696 | O4: =(L4-$Y$5)/$Y$8 -> 0.2975054 | P4: {=_xlfn.IFS(AND(F4>15,F4<=30), "Youngsters", AND(F4>30,F4<=50), "Adults", AND(F4>50,F4<=70),"Old person", AND(F4>70, F4<92), "Senior Citizens")} -> Old person | Q4: {=_xlfn.IFS(G4=0,"No Tenure Period",AND(G4>0,G4<=3),"Less Tenure Period",AND(G4>3,G4<=7),"More Tenure Period",AND(G4>7,G4<=10),"Large Tenure Period")} -> More Tenure Period | R4: {=_xlfn.IFS(AND(C4>300,C4<=525),"1 Star",AND(C4>525,C4<=600),"2 Star",AND(C4>600,C4<=700),"3 Star",AND(C4>700,C4<=750),"4 Star",AND(C4>750,C4<=900),"5 Star")} -> 1 Star | S4: {=_xlfn.IFS(E4="Male",1,E4="Female",2)} -> 1 | T4: {=_xlfn.IFS(D4="France",1,D4="Germany",2,D4="Spain",3)} -> 2 | W4: Average of Balance | X4: =AVERAGE(H2:H500) -> 128388.87
A5: 4 | B5: Jones | C5: 516 | D5: Germany | E5: Female | F5: 59 | G5: 0 | H5: 23572.03 | I5: 1 | J5: 1 | K5: 0 | L5: 146739.55 | M5: 0 | N5: =(H5-$X$4)/$X$7 -> -1.4563456 | O5: =(L5-$Y$5)/$Y$8 -> 1.5766142 | P5: {=_xlfn.IFS(AND(F5>15,F5<=30), "Youngsters", AND(F5>30,F5<=50), "Adults", AND(F5>50,F5<=70),"Old person", AND(F5>70, F5<92), "Senior Citizens")} -> Old person | Q5: {=_xlfn.IFS(G5=0,"No Tenure Period",AND(G5>0,G5<=3),"Less Tenure Period",AND(G5>3,G5<=7),"More Tenure Period",AND(G5>7,G5<=10),"Large Tenure Period")} -> No Tenure Period | R5: {=_xlfn.IFS(AND(C5>300,C5<=525),"1 Star",AND(C5>525,C5<=600),"2 Star",AND(C5>600,C5<=700),"3 Star",AND(C5>700,C5<=750),"4 Star",AND(C5>750,C5<=900),"5 Star")} -> 1 Star | S5: {=_xlfn.IFS(E5="Male",1,E5="Female",2)} -> 2 | T5: {=_xlfn.IFS(D5="France",1,D5="Germany",2,D5="Spain",3)} -> 2 | W5: Average of Salary | X5: =AVERAGE(L5:L500) -> 82203.234 | Y5: =AVERAGE(L2:L500) -> 82220.309
A6: 5 | B6: Wilson | C6: 659 | D6: Spain | E6: Female | F6: 21 | G6: 2 | H6: 7463.43 | I6: 1 | J6: 1 | K6: 1 | L6: 16036.55 | M6: 0 | N6: =(H6-$X$4)/$X$7 -> -1.6801617 | O6: =(L6-$Y$5)/$Y$8 -> -1.6172889 | P6: {=_xlfn.IFS(AND(F6>15,F6<=30), "Youngsters", AND(F6>30,F6<=50), "Adults", AND(F6>50,F6<=70),"Old person", AND(F6>70, F6<92), "Senior Citizens")} -> Youngsters | Q6: {=_xlfn.IFS(G6=0,"No Tenure Period",AND(G6>0,G6<=3),"Less Tenure Period",AND(G6>3,G6<=7),"More Tenure Period",AND(G6>7,G6<=10),"Large Tenure Period")} -> Less Tenure Period | R6: {=_xlfn.IFS(AND(C6>300,C6<=525),"1 Star",AND(C6>525,C6<=600),"2 Star",AND(C6>600,C6<=700),"3 Star",AND(C6>700,C6<=750),"4 Star",AND(C6>750,C6<=900),"5 Star")} -> 3 Star | S6: {=_xlfn.IFS(E6="Male",1,E6="Female",2)} -> 2 | T6: {=_xlfn.IFS(D6="France",1,D6="Germany",2,D6="Spain",3)} -> 3
A7: 6 | B7: Taylor | C7: 777 | D7: Spain | E7: Female | F7: 34 | G7: 0 | H7: 127812.9 | I7: 4 | J7: 1 | K7: 0 | L7: 65189.1 | M7: 0 | N7: =(H7-$X$4)/$X$7 -> -0.0080025842 | O7: =(L7-$Y$5)/$Y$8 -> -0.41618042 | P7: {=_xlfn.IFS(AND(F7>15,F7<=30), "Youngsters", AND(F7>30,F7<=50), "Adults", AND(F7>50,F7<=70),"Old person", AND(F7>70, F7<92), "Senior Citizens")} -> Adults | Q7: {=_xlfn.IFS(G7=0,"No Tenure Period",AND(G7>0,G7<=3),"Less Tenure Period",AND(G7>3,G7<=7),"More Tenure Period",AND(G7>7,G7<=10),"Large Tenure Period")} -> No Tenure Period | R7: {=_xlfn.IFS(AND(C7>300,C7<=525),"1 Star",AND(C7>525,C7<=600),"2 Star",AND(C7>600,C7<=700),"3 Star",AND(C7>700,C7<=750),"4 Star",AND(C7>750,C7<=900),"5 Star")} -> 5 Star | S7: {=_xlfn.IFS(E7="Male",1,E7="Female",2)} -> 2 | T7: {=_xlfn.IFS(D7="France",1,D7="Germany",2,D7="Spain",3)} -> 3 | W7: Std.dev. Of Balance | X7: =_xlfn.STDEV.S(H2:H500) -> 71972.5
A8: 7 | B8: Jones | C8: 432 | D8: Germany | E8: Female | F8: 81 | G8: 10 | H8: 136164.96 | I8: 4 | J8: 0 | K8: 0 | L8: 135962.88 | M8: 0 | N8: =(H8-$X$4)/$X$7 -> 0.10804257 | O8: =(L8-$Y$5)/$Y$8 -> 1.3132718 | P8: {=_xlfn.IFS(AND(F8>15,F8<=30), "Youngsters", AND(F8>30,F8<=50), "Adults", AND(F8>50,F8<=70),"Old person", AND(F8>70, F8<92), "Senior Citizens")} -> Senior Citizens | Q8: {=_xlfn.IFS(G8=0,"No Tenure Period",AND(G8>0,G8<=3),"Less Tenure Period",AND(G8>3,G8<=7),"More Tenure Period",AND(G8>7,G8<=10),"Large Tenure Period")} -> Large Tenure Period | R8: {=_xlfn.IFS(AND(C8>300,C8<=525),"1 Star",AND(C8>525,C8<=600),"2 Star",AND(C8>600,C8<=700),"3 Star",AND(C8>700,C8<=750),"4 Star",AND(C8>750,C8<=900),"5 Star")} -> 1 Star | S8: {=_xlfn.IFS(E8="Male",1,E8="Female",2)} -> 2 | T8: {=_xlfn.IFS(D8="France",1,D8="Germany",2,D8="Spain",3)} -> 2 | W8: Std.dev. Of Salary | X8: =_xlfn.STDEV.S(L5:L500) -> 41005.363 | Y8: =_xlfn.STDEV.S(L2:L500) -> 40922.656
A9: 8 | B9: Davis | C9: 741 | D9: France | E9: Male | F9: 82 | G9: 5 | H9: 204042.02 | I9: 2 | J9: 1 | K9: 1 | L9: 92581.54 | M9: 1 | N9: =(H9-$X$4)/$X$7 -> 1.0511397 | O9: =(L9-$Y$5)/$Y$8 -> 0.25319059 | P9: {=_xlfn.IFS(AND(F9>15,F9<=30), "Youngsters", AND(F9>30,F9<=50), "Adults", AND(F9>50,F9<=70),"Old person", AND(F9>70, F9<92), "Senior Citizens")} -> Senior Citizens | Q9: {=_xlfn.IFS(G9=0,"No Tenure Period",AND(G9>0,G9<=3),"Less Tenure Period",AND(G9>3,G9<=7),"More Tenure Period",AND(G9>7,G9<=10),"Large Tenure Period")} -> More Tenure Period | R9: {=_xlfn.IFS(AND(C9>300,C9<=525),"1 Star",AND(C9>525,C9<=600),"2 Star",AND(C9>600,C9<=700),"3 Star",AND(C9>700,C9<=750),"4 Star",AND(C9>750,C9<=900),"5 Star")} -> 4 Star | S9: {=_xlfn.IFS(E9="Male",1,E9="Female",2)} -> 1 | T9: {=_xlfn.IFS(D9="France",1,D9="Germany",2,D9="Spain",3)} -> 1
A10: 9 | B10: Williams | C10: 570 | D10: Germany | E10: Female | F10: 31 | G10: 1 | H10: 182609.21 | I10: 2 | J10: 0 | K10: 1 | L10: 141848.51 | M10: 1 | N10: =(H10-$X$4)/$X$7 -> 0.75334807 | O10: =(L10-$Y$5)/$Y$8 -> 1.4570951 | P10: {=_xlfn.IFS(AND(F10>15,F10<=30), "Youngsters", AND(F10>30,F10<=50), "Adults", AND(F10>50,F10<=70),"Old person", AND(F10>70, F10<92), "Senior Citizens")} -> Adults | Q10: {=_xlfn.IFS(G10=0,"No Tenure Period",AND(G10>0,G10<=3),"Less Tenure Period",AND(G10>3,G10<=7),"More Tenure Period",AND(G10>7,G10<=10),"Large Tenure Period")} -> Less Tenure Period | R10: {=_xlfn.IFS(AND(C10>300,C10<=525),"1 Star",AND(C10>525,C10<=600),"2 Star",AND(C10>600,C10<=700),"3 Star",AND(C10>700,C10<=750),"4 Star",AND(C10>750,C10<=900),"5 Star")} -> 2 Star | S10: {=_xlfn.IFS(E10="Male",1,E10="Female",2)} -> 2 | T10: {=_xlfn.IFS(D10="France",1,D10="Germany",2,D10="Spain",3)} -> 2 | W10: People who have churn | X10: =COUNTIF(M2:M500,"1") -> 272
A11: 10 | B11: Brown | C11: 671 | D11: France | E11: Female | F11: 56 | G11: 7 | H11: 56345.73 | I11: 2 | J11: 0 | K11: 0 | L11: 143065.1 | M11: 1 | N11: =(H11-$X$4)/$X$7 -> -1.0009814 | O11: =(L11-$Y$5)/$Y$8 -> 1.4868241 | P11: {=_xlfn.IFS(AND(F11>15,F11<=30), "Youngsters", AND(F11>30,F11<=50), "Adults", AND(F11>50,F11<=70),"Old person", AND(F11>70, F11<92), "Senior Citizens")} -> Old person | Q11: {=_xlfn.IFS(G11=0,"No Tenure Period",AND(G11>0,G11<=3),"Less Tenure Period",AND(G11>3,G11<=7),"More Tenure Period",AND(G11>7,G11<=10),"Large Tenure Period")} -> More Tenure Period | R11: {=_xlfn.IFS(AND(C11>300,C11<=525),"1 Star",AND(C11>525,C11<=600),"2 Star",AND(C11>600,C11<=700),"3 Star",AND(C11>700,C11<=750),"4 Star",AND(C11>750,C11<=900),"5 Star")} -> 3 Star | S11: {=_xlfn.IFS(E11="Male",1,E11="Female",2)} -> 2 | T11: {=_xlfn.IFS(D11="France",1,D11="Germany",2,D11="Spain",3)} -> 1 | W11: People who have not churn | X11: =COUNTIF(M2:M500,"0") -> 227
A12: 11 | B12: Wilson | C12: 519 | D12: France | E12: Female | F12: 22 | G12: 10 | H12: 198399.26 | I12: 3 | J12: 1 | K12: 0 | L12: 125839.96 | M12: 1 | N12: =(H12-$X$4)/$X$7 -> 0.97273812 | O12: =(L12-$Y$5)/$Y$8 -> 1.0659047 | P12: {=_xlfn.IFS(AND(F12>15,F12<=30), "Youngsters", AND(F12>30,F12<=50), "Adults", AND(F12>50,F12<=70),"Old person", AND(F12>70, F12<92), "Senior Citizens")} -> Youngsters | Q12: {=_xlfn.IFS(G12=0,"No Tenure Period",AND(G12>0,G12<=3),"Less Tenure Period",AND(G12>3,G12<=7),"More Tenure Period",AND(G12>7,G12<=10),"Large Tenure Period")} -> Large Tenure Period | R12: {=_xlfn.IFS(AND(C12>300,C12<=525),"1 Star",AND(C12>525,C12<=600),"2 Star",AND(C12>600,C12<=700),"3 Star",AND(C12>700,C12<=750),"4 Star",AND(C12>750,C12<=900),"5 Star")} -> 1 Star | S12: {=_xlfn.IFS(E12="Male",1,E12="Female",2)} -> 2 | T12: {=_xlfn.IFS(D12="France",1,D12="Germany",2,D12="Spain",3)} -> 1
A13: 12 | B13: Miller | C13: 672 | D13: Germany | E13: Male | F13: 21 | G13: 3 | H13: 157278.91 | I13: 3 | J13: 0 | K13: 0 | L13: 58708.71 | M13: 1 | N13: =(H13-$X$4)/$X$7 -> 0.40140393 | O13: =(L13-$Y$5)/$Y$8 -> -0.57453745 | P13: {=_xlfn.IFS(AND(F13>15,F13<=30), "Youngsters", AND(F13>30,F13<=50), "Adults", AND(F13>50,F13<=70),"Old person", AND(F13>70, F13<92), "Senior Citizens")} -> Youngsters | Q13: {=_xlfn.IFS(G13=0,"No Tenure Period",AND(G13>0,G13<=3),"Less Tenure Period",AND(G13>3,G13<=7),"More Tenure Period",AND(G13>7,G13<=10),"Large Tenure Period")} -> Less Tenure Period | R13: {=_xlfn.IFS(AND(C13>300,C13<=525),"1 Star",AND(C13>525,C13<=600),"2 Star",AND(C13>600,C13<=700),"3 Star",AND(C13>700,C13<=750),"4 Star",AND(C13>750,C13<=900),"5 Star")} -> 3 Star | S13: {=_xlfn.IFS(E13="Male",1,E13="Female",2)} -> 1 | T13: {=_xlfn.IFS(D13="France",1,D13="Germany",2,D13="Spain",3)} -> 2
A14: 13 | B14: Moore | C14: 464 | D14: Spain | E14: Female | F14: 37 | G14: 2 | H14: 58317.75 | I14: 3 | J14: 0 | K14: 0 | L14: 13740.96 | M14: 0 | N14: =(H14-$X$4)/$X$7 -> -0.9735818 | O14: =(L14-$Y$5)/$Y$8 -> -1.6733847 | P14: {=_xlfn.IFS(AND(F14>15,F14<=30), "Youngsters", AND(F14>30,F14<=50), "Adults", AND(F14>50,F14<=70),"Old person", AND(F14>70, F14<92), "Senior Citizens")} -> Adults | Q14: {=_xlfn.IFS(G14=0,"No Tenure Period",AND(G14>0,G14<=3),"Less Tenure Period",AND(G14>3,G14<=7),"More Tenure Period",AND(G14>7,G14<=10),"Large Tenure Period")} -> Less Tenure Period | R14: {=_xlfn.IFS(AND(C14>300,C14<=525),"1 Star",AND(C14>525,C14<=600),"2 Star",AND(C14>600,C14<=700),"3 Star",AND(C14>700,C14<=750),"4 Star",AND(C14>750,C14<=900),"5 Star")} -> 1 Star | S14: {=_xlfn.IFS(E14="Male",1,E14="Female",2)} -> 2 | T14: {=_xlfn.IFS(D14="France",1,D14="Germany",2,D14="Spain",3)} -> 3 | W14: Churn
A15: 14 | B15: Moore | C15: 698 | D15: Germany | E15: Male | F15: 34 | G15: 3 | H15: 128968.35 | I15: 1 | J15: 0 | K15: 0 | L15: 143532.82 | M15: 1 | N15: =(H15-$X$4)/$X$7 -> 0.0080514642 | O15: =(L15-$Y$5)/$Y$8 -> 1.4982535 | P15: {=_xlfn.IFS(AND(F15>15,F15<=30), "Youngsters", AND(F15>30,F15<=50), "Adults", AND(F15>50,F15<=70),"Old person", AND(F15>70, F15<92), "Senior Citizens")} -> Adults | Q15: {=_xlfn.IFS(G15=0,"No Tenure Period",AND(G15>0,G15<=3),"Less Tenure Period",AND(G15>3,G15<=7),"More Tenure Period",AND(G15>7,G15<=10),"Large Tenure Period")} -> Less Tenure Period | R15: {=_xlfn.IFS(AND(C15>300,C15<=525),"1 Star",AND(C15>525,C15<=600),"2 Star",AND(C15>600,C15<=700),"3 Star",AND(C15>700,C15<=750),"4 Star",AND(C15>750,C15<=900),"5 Star")} -> 3 Star | S15: {=_xlfn.IFS(E15="Male",1,E15="Female",2)} -> 1 | T15: {=_xlfn.IFS(D15="France",1,D15="Germany",2,D15="Spain",3)} -> 2
A16: 15 | B16: Johnson | C16: 684 | D16: Germany | E16: Male | F16: 89 | G16: 2 | H16: 60006.91 | I16: 2 | J16: 1 | K16: 0 | L16: 38571.28 | M16: 0 | N16: =(H16-$X$4)/$X$7 -> -0.95011228 | O16: =(L16-$Y$5)/$Y$8 -> -1.0666226 | P16: {=_xlfn.IFS(AND(F16>15,F16<=30), "Youngsters", AND(F16>30,F16<=50), "Adults", AND(F16>50,F16<=70),"Old person", AND(F16>70, F16<92), "Senior Citizens")} -> Senior Citizens | Q16: {=_xlfn.IFS(G16=0,"No Tenure Period",AND(G16>0,G16<=3),"Less Tenure Period",AND(G16>3,G16<=7),"More Tenure Period",AND(G16>7,G16<=10),"Large Tenure Period")} -> Less Tenure Period | R16: {=_xlfn.IFS(AND(C16>300,C16<=525),"1 Star",AND(C16>525,C16<=600),"2 Star",AND(C16>600,C16<=700),"3 Star",AND(C16>700,C16<=750),"4 Star",AND(C16>750,C16<=900),"5 Star")} -> 3 Star | S16: {=_xlfn.IFS(E16="Male",1,E16="Female",2)} -> 1 | T16: {=_xlfn.IFS(D16="France",1,D16="Germany",2,D16="Spain",3)} -> 2 | W16: Mean | X16: 0.54509018
A17: 16 | B17: Miller | C17: 579 | D17: France | E17: Female | F17: 42 | G17: 3 | H17: 180430.72 | I17: 4 | J17: 0 | K17: 1 | L17: 43961.45 | M17: 1 | N17: =(H17-$X$4)/$X$7 -> 0.7230797 | O17: =(L17-$Y$5)/$Y$8 -> -0.93490652 | P17: {=_xlfn.IFS(AND(F17>15,F17<=30), "Youngsters", AND(F17>30,F17<=50), "Adults", AND(F17>50,F17<=70),"Old person", AND(F17>70, F17<92), "Senior Citizens")} -> Adults | Q17: {=_xlfn.IFS(G17=0,"No Tenure Period",AND(G17>0,G17<=3),"Less Tenure Period",AND(G17>3,G17<=7),"More Tenure Period",AND(G17>7,G17<=10),"Large Tenure Period")} -> Less Tenure Period | R17: {=_xlfn.IFS(AND(C17>300,C17<=525),"1 Star",AND(C17>525,C17<=600),"2 Star",AND(C17>600,C17<=700),"3 Star",AND(C17>700,C17<=750),"4 Star",AND(C17>750,C17<=900),"5 Star")} -> 2 Star | S17: {=_xlfn.IFS(E17="Male",1,E17="Female",2)} -> 2 | T17: {=_xlfn.IFS(D17="France",1,D17="Germany",2,D17="Spain",3)} -> 1 | W17: Standard Error | X17: 0.022314243
A18: 17 | B18: Wilson | C18: 569 | D18: Germany | E18: Male | F18: 29 | G18: 7 | H18: 75466.39 | I18: 1 | J18: 0 | K18: 0 | L18: 103226.64 | M18: 1 | N18: =(H18-$X$4)/$X$7 -> -0.73531524 | O18: =(L18-$Y$5)/$Y$8 -> 0.51331789 | P18: {=_xlfn.IFS(AND(F18>15,F18<=30), "Youngsters", AND(F18>30,F18<=50), "Adults", AND(F18>50,F18<=70),"Old person", AND(F18>70, F18<92), "Senior Citizens")} -> Youngsters | Q18: {=_xlfn.IFS(G18=0,"No Tenure Period",AND(G18>0,G18<=3),"Less Tenure Period",AND(G18>3,G18<=7),"More Tenure Period",AND(G18>7,G18<=10),"Large Tenure Period")} -> More Tenure Period | R18: {=_xlfn.IFS(AND(C18>300,C18<=525),"1 Star",AND(C18>525,C18<=600),"2 Star",AND(C18>600,C18<=700),"3 Star",AND(C18>700,C18<=750),"4 Star",AND(C18>750,C18<=900),"5 Star")} -> 2 Star | S18: {=_xlfn.IFS(E18="Male",1,E18="Female",2)} -> 1 | T18: {=_xlfn.IFS(D18="France",1,D18="Germany",2,D18="Spain",3)} -> 2 | W18: Median | X18: 1
A19: 18 | B19: Wilson | C19: 596 | D19: Spain | E19: Male | F19: 40 | G19: 7 | H19: 124186.11 | I19: 3 | J19: 1 | K19: 1 | L19: 108305.55 | M19: 0 | N19: =(H19-$X$4)/$X$7 -> -0.058393914 | O19: =(L19-$Y$5)/$Y$8 -> 0.63742786 | P19: {=_xlfn.IFS(AND(F19>15,F19<=30), "Youngsters", AND(F19>30,F19<=50), "Adults", AND(F19>50,F19<=70),"Old person", AND(F19>70, F19<92), "Senior Citizens")} -> Adults | Q19: {=_xlfn.IFS(G19=0,"No Tenure Period",AND(G19>0,G19<=3),"Less Tenure Period",AND(G19>3,G19<=7),"More Tenure Period",AND(G19>7,G19<=10),"Large Tenure Period")} -> More Tenure Period | R19: {=_xlfn.IFS(AND(C19>300,C19<=525),"1 Star",AND(C19>525,C19<=600),"2 Star",AND(C19>600,C19<=700),"3 Star",AND(C19>700,C19<=750),"4 Star",AND(C19>750,C19<=900),"5 Star")} -> 2 Star | S19: {=_xlfn.IFS(E19="Male",1,E19="Female",2)} -> 1 | T19: {=_xlfn.IFS(D19="France",1,D19="Germany",2,D19="Spain",3)} -> 3 | W19: Mode | X19: 1
A20: 19 | B20: Moore | C20: 450 | D20: Germany | E20: Female | F20: 78 | G20: 1 | H20: 224549.07 | I20: 4 | J20: 0 | K20: 1 | L20: 144262.57 | M20: 1 | N20: =(H20-$X$4)/$X$7 -> 1.3360687 | O20: =(L20-$Y$5)/$Y$8 -> 1.5160859 | P20: {=_xlfn.IFS(AND(F20>15,F20<=30), "Youngsters", AND(F20>30,F20<=50), "Adults", AND(F20>50,F20<=70),"Old person", AND(F20>70, F20<92), "Senior Citizens")} -> Senior Citizens | Q20: {=_xlfn.IFS(G20=0,"No Tenure Period",AND(G20>0,G20<=3),"Less Tenure Period",AND(G20>3,G20<=7),"More Tenure Period",AND(G20>7,G20<=10),"Large Tenure Period")} -> Less Tenure Period | R20: {=_xlfn.IFS(AND(C20>300,C20<=525),"1 Star",AND(C20>525,C20<=600),"2 Star",AND(C20>600,C20<=700),"3 Star",AND(C20>700,C20<=750),"4 Star",AND(C20>750,C20<=900),"5 Star")} -> 1 Star | S20: {=_xlfn.IFS(E20="Male",1,E20="Female",2)} -> 2 | T20: {=_xlfn.IFS(D20="France",1,D20="Germany",2,D20="Spain",3)} -> 2 | W20: Standard Deviation | X20: 0.49846244
A21: 20 | B21: Johnson | C21: 765 | D21: Germany | E21: Female | F21: 20 | G21: 4 | H21: 246840.35 | I21: 2 | J21: 0 | K21: 0 | L21: 93337.31 | M21: 0 | N21: =(H21-$X$4)/$X$7 -> 1.6457881 | O21: =(L21-$Y$5)/$Y$8 -> 0.27165884 | P21: {=_xlfn.IFS(AND(F21>15,F21<=30), "Youngsters", AND(F21>30,F21<=50), "Adults", AND(F21>50,F21<=70),"Old person", AND(F21>70, F21<92), "Senior Citizens")} -> Youngsters | Q21: {=_xlfn.IFS(G21=0,"No Tenure Period",AND(G21>0,G21<=3),"Less Tenure Period",AND(G21>3,G21<=7),"More Tenure Period",AND(G21>7,G21<=10),"Large Tenure Period")} -> More Tenure Period | R21: {=_xlfn.IFS(AND(C21>300,C21<=525),"1 Star",AND(C21>525,C21<=600),"2 Star",AND(C21>600,C21<=700),"3 Star",AND(C21>700,C21<=750),"4 Star",AND(C21>750,C21<=900),"5 Star")} -> 5 Star | S21: {=_xlfn.IFS(E21="Male",1,E21="Female",2)} -> 2 | T21: {=_xlfn.IFS(D21="France",1,D21="Germany",2,D21="Spain",3)} -> 2 | W21: Sample Variance | X21: 0.2484648
A22: 21 | B22: Davis | C22: 571 | D22: France | E22: Male | F22: 26 | G22: 6 | H22: 239474.66 | I22: 1 | J22: 0 | K22: 1 | L22: 71646.19 | M22: 1 | N22: =(H22-$X$4)/$X$7 -> 1.5434478 | O22: =(L22-$Y$5)/$Y$8 -> -0.25839277 | P22: {=_xlfn.IFS(AND(F22>15,F22<=30), "Youngsters", AND(F22>30,F22<=50), "Adults", AND(F22>50,F22<=70),"Old person", AND(F22>70, F22<92), "Senior Citizens")} -> Youngsters | Q22: {=_xlfn.IFS(G22=0,"No Tenure Period",AND(G22>0,G22<=3),"Less Tenure Period",AND(G22>3,G22<=7),"More Tenure Period",AND(G22>7,G22<=10),"Large Tenure Period")} -> More Tenure Period | R22: {=_xlfn.IFS(AND(C22>300,C22<=525),"1 Star",AND(C22>525,C22<=600),"2 Star",AND(C22>600,C22<=700),"3 Star",AND(C22>700,C22<=750),"4 Star",AND(C22>750,C22<=900),"5 Star")} -> 2 Star | S22: {=_xlfn.IFS(E22="Male",1,E22="Female",2)} -> 1 | T22: {=_xlfn.IFS(D22="France",1,D22="Germany",2,D22="Spain",3)} -> 1 | W22: Kurtosis | X22: -1.9749368
A23: 22 | B23: Taylor | C23: 528 | D23: Spain | E23: Female | F23: 90 | G23: 10 | H23: 192616.6 | I23: 4 | J23: 1 | K23: 0 | L23: 27413.39 | M23: 0 | N23: =(H23-$X$4)/$X$7 -> 0.89239271 | O23: =(L23-$Y$5)/$Y$8 -> -1.3392806 | P23: {=_xlfn.IFS(AND(F23>15,F23<=30), "Youngsters", AND(F23>30,F23<=50), "Adults", AND(F23>50,F23<=70),"Old person", AND(F23>70, F23<92), "Senior Citizens")} -> Senior Citizens | Q23: {=_xlfn.IFS(G23=0,"No Tenure Period",AND(G23>0,G23<=3),"Less Tenure Period",AND(G23>3,G23<=7),"More Tenure Period",AND(G23>7,G23<=10),"Large Tenure Period")} -> Large Tenure Period | R23: {=_xlfn.IFS(AND(C23>300,C23<=525),"1 Star",AND(C23>525,C23<=600),"2 Star",AND(C23>600,C23<=700),"3 Star",AND(C23>700,C23<=750),"4 Star",AND(C23>750,C23<=900),"5 Star")} -> 2 Star | S23: {=_xlfn.IFS(E23="Male",1,E23="Female",2)} -> 2 | T23: {=_xlfn.IFS(D23="France",1,D23="Germany",2,D23="Spain",3)} -> 3 | W23: Skewness | X23: -0.1816451
A24: 23 | B24: Moore | C24: 524 | D24: Spain | E24: Male | F24: 56 | G24: 7 | H24: 34050.82 | I24: 4 | J24: 0 | K24: 1 | L24: 130037.45 | M24: 1 | N24: =(H24-$X$4)/$X$7 -> -1.3107513 | O24: =(L24-$Y$5)/$Y$8 -> 1.168476 | P24: {=_xlfn.IFS(AND(F24>15,F24<=30), "Youngsters", AND(F24>30,F24<=50), "Adults", AND(F24>50,F24<=70),"Old person", AND(F24>70, F24<92), "Senior Citizens")} -> Old person | Q24: {=_xlfn.IFS(G24=0,"No Tenure Period",AND(G24>0,G24<=3),"Less Tenure Period",AND(G24>3,G24<=7),"More Tenure Period",AND(G24>7,G24<=10),"Large Tenure Period")} -> More Tenure Period | R24: {=_xlfn.IFS(AND(C24>300,C24<=525),"1 Star",AND(C24>525,C24<=600),"2 Star",AND(C24>600,C24<=700),"3 Star",AND(C24>700,C24<=750),"4 Star",AND(C24>750,C24<=900),"5 Star")} -> 1 Star | S24: {=_xlfn.IFS(E24="Male",1,E24="Female",2)} -> 1 | T24: {=_xlfn.IFS(D24="France",1,D24="Germany",2,D24="Spain",3)} -> 3 | W24: Range | X24: 1
A25: 24 | B25: Taylor | C25: 443 | D25: France | E25: Female | F25: 70 | G25: 0 | H25: 116986.77 | I25: 2 | J25: 0 | K25: 0 | L25: 16197.08 | M25: 0 | N25: =(H25-$X$4)/$X$7 -> -0.15842295 | O25: =(L25-$Y$5)/$Y$8 -> -1.6133661 | P25: {=_xlfn.IFS(AND(F25>15,F25<=30), "Youngsters", AND(F25>30,F25<=50), "Adults", AND(F25>50,F25<=70),"Old person", AND(F25>70, F25<92), "Senior Citizens")} -> Old person | Q25: {=_xlfn.IFS(G25=0,"No Tenure Period",AND(G25>0,G25<=3),"Less Tenure Period",AND(G25>3,G25<=7),"More Tenure Period",AND(G25>7,G25<=10),"Large Tenure Period")} -> No Tenure Period | R25: {=_xlfn.IFS(AND(C25>300,C25<=525),"1 Star",AND(C25>525,C25<=600),"2 Star",AND(C25>600,C25<=700),"3 Star",AND(C25>700,C25<=750),"4 Star",AND(C25>750,C25<=900),"5 Star")} -> 1 Star | S25: {=_xlfn.IFS(E25="Male",1,E25="Female",2)} -> 2 | T25: {=_xlfn.IFS(D25="France",1,D25="Germany",2,D25="Spain",3)} -> 1 | W25: Minimum | X25: 0
A26: 25 | B26: Brown | C26: 464 | D26: Spain | E26: Female | F26: 81 | G26: 0 | H26: 242071.38 | I26: 2 | J26: 0 | K26: 0 | L26: 129312.08 | M26: 0 | N26: =(H26-$X$4)/$X$7 -> 1.5795271 | O26: =(L26-$Y$5)/$Y$8 -> 1.1507506 | P26: {=_xlfn.IFS(AND(F26>15,F26<=30), "Youngsters", AND(F26>30,F26<=50), "Adults", AND(F26>50,F26<=70),"Old person", AND(F26>70, F26<92), "Senior Citizens")} -> Senior Citizens | Q26: {=_xlfn.IFS(G26=0,"No Tenure Period",AND(G26>0,G26<=3),"Less Tenure Period",AND(G26>3,G26<=7),"More Tenure Period",AND(G26>7,G26<=10),"Large Tenure Period")} -> No Tenure Period | R26: {=_xlfn.IFS(AND(C26>300,C26<=525),"1 Star",AND(C26>525,C26<=600),"2 Star",AND(C26>600,C26<=700),"3 Star",AND(C26>700,C26<=750),"4 Star",AND(C26>750,C26<=900),"5 Star")} -> 1 Star | S26: {=_xlfn.IFS(E26="Male",1,E26="Female",2)} -> 2 | T26: {=_xlfn.IFS(D26="France",1,D26="Germany",2,D26="Spain",3)} -> 3 | W26: Maximum | X26: 1
A27: 26 | B27: Jones | C27: 511 | D27: Spain | E27: Female | F27: 39 | G27: 6 | H27: 88252.4 | I27: 2 | J27: 1 | K27: 1 | L27: 57083.95 | M27: 0 | N27: =(H27-$X$4)/$X$7 -> -0.55766391 | O27: =(L27-$Y$5)/$Y$8 -> -0.61424064 | P27: {=_xlfn.IFS(AND(F27>15,F27<=30), "Youngsters", AND(F27>30,F27<=50), "Adults", AND(F27>50,F27<=70),"Old person", AND(F27>70, F27<92), "Senior Citizens")} -> Adults | Q27: {=_xlfn.IFS(G27=0,"No Tenure Period",AND(G27>0,G27<=3),"Less Tenure Period",AND(G27>3,G27<=7),"More Tenure Period",AND(G27>7,G27<=10),"Large Tenure Period")} -> More Tenure Period | R27: {=_xlfn.IFS(AND(C27>300,C27<=525),"1 Star",AND(C27>525,C27<=600),"2 Star",AND(C27>600,C27<=700),"3 Star",AND(C27>700,C27<=750),"4 Star",AND(C27>750,C27<=900),"5 Star")} -> 1 Star | S27: {=_xlfn.IFS(E27="Male",1,E27="Female",2)} -> 2 | T27: {=_xlfn.IFS(D27="France",1,D27="Germany",2,D27="Spain",3)} -> 3 | W27: Sum | X27: 272
A28: 27 | B28: Smith | C28: 618 | D28: Germany | E28: Male | F28: 22 | G28: 4 | H28: 39874.14 | I28: 3 | J28: 1 | K28: 1 | L28: 137124.11 | M28: 1 | N28: =(H28-$X$4)/$X$7 -> -1.2298409 | O28: =(L28-$Y$5)/$Y$8 -> 1.341648 | P28: {=_xlfn.IFS(AND(F28>15,F28<=30), "Youngsters", AND(F28>30,F28<=50), "Adults", AND(F28>50,F28<=70),"Old person", AND(F28>70, F28<92), "Senior Citizens")} -> Youngsters | Q28: {=_xlfn.IFS(G28=0,"No Tenure Period",AND(G28>0,G28<=3),"Less Tenure Period",AND(G28>3,G28<=7),"More Tenure Period",AND(G28>7,G28<=10),"Large Tenure Period")} -> More Tenure Period | R28: {=_xlfn.IFS(AND(C28>300,C28<=525),"1 Star",AND(C28>525,C28<=600),"2 Star",AND(C28>600,C28<=700),"3 Star",AND(C28>700,C28<=750),"4 Star",AND(C28>750,C28<=900),"5 Star")} -> 3 Star | S28: {=_xlfn.IFS(E28="Male",1,E28="Female",2)} -> 1 | T28: {=_xlfn.IFS(D28="France",1,D28="Germany",2,D28="Spain",3)} -> 2 | W28: Count | X28: 499
A29: 28 | B29: Jones | C29: 574 | D29: France | E29: Male | F29: 49 | G29: 4 | H29: 47828.14 | I29: 3 | J29: 1 | K29: 0 | L29: 129087.2 | M29: 0 | N29: =(H29-$X$4)/$X$7 -> -1.1193265 | O29: =(L29-$Y$5)/$Y$8 -> 1.1452554 | P29: {=_xlfn.IFS(AND(F29>15,F29<=30), "Youngsters", AND(F29>30,F29<=50), "Adults", AND(F29>50,F29<=70),"Old person", AND(F29>70, F29<92), "Senior Citizens")} -> Adults | Q29: {=_xlfn.IFS(G29=0,"No Tenure Period",AND(G29>0,G29<=3),"Less Tenure Period",AND(G29>3,G29<=7),"More Tenure Period",AND(G29>7,G29<=10),"Large Tenure Period")} -> More Tenure Period | R29: {=_xlfn.IFS(AND(C29>300,C29<=525),"1 Star",AND(C29>525,C29<=600),"2 Star",AND(C29>600,C29<=700),"3 Star",AND(C29>700,C29<=750),"4 Star",AND(C29>750,C29<=900),"5 Star")} -> 2 Star | S29: {=_xlfn.IFS(E29="Male",1,E29="Female",2)} -> 1 | T29: {=_xlfn.IFS(D29="France",1,D29="Germany",2,D29="Spain",3)} -> 1
A30: 29 | B30: Davis | C30: 583 | D30: Spain | E30: Male | F30: 55 | G30: 10 | H30: 137337.08 | I30: 2 | J30: 0 | K30: 1 | L30: 107849.47 | M30: 1 | N30: =(H30-$X$4)/$X$7 -> 0.12432824 | O30: =(L30-$Y$5)/$Y$8 -> 0.62628294 | P30: {=_xlfn.IFS(AND(F30>15,F30<=30), "Youngsters", AND(F30>30,F30<=50), "Adults", AND(F30>50,F30<=70),"Old person", AND(F30>70, F30<92), "Senior Citizens")} -> Old person | Q30: {=_xlfn.IFS(G30=0,"No Tenure Period",AND(G30>0,G30<=3),"Less Tenure Period",AND(G30>3,G30<=7),"More Tenure Period",AND(G30>7,G30<=10),"Large Tenure Period")} -> Large Tenure Period | R30: {=_xlfn.IFS(AND(C30>300,C30<=525),"1 Star",AND(C30>525,C30<=600),"2 Star",AND(C30>600,C30<=700),"3 Star",AND(C30>700,C30<=750),"4 Star",AND(C30>750,C30<=900),"5 Star")} -> 2 Star | S30: {=_xlfn.IFS(E30="Male",1,E30="Female",2)} -> 1 | T30: {=_xlfn.IFS(D30="France",1,D30="Germany",2,D30="Spain",3)} -> 3
A31: 30 | B31: Smith | C31: 686 | D31: France | E31: Female | F31: 25 | G31: 5 | H31: 5425.45 | I31: 4 | J31: 1 | K31: 0 | L31: 82220.31 | M31: 1 | N31: =(H31-$X$4)/$X$7 -> -1.7084778 | O31: =(L31-$Y$5)/$Y$8 -> 3.6238263e-08 | P31: {=_xlfn.IFS(AND(F31>15,F31<=30), "Youngsters", AND(F31>30,F31<=50), "Adults", AND(F31>50,F31<=70),"Old person", AND(F31>70, F31<92), "Senior Citizens")} -> Youngsters | Q31: {=_xlfn.IFS(G31=0,"No Tenure Period",AND(G31>0,G31<=3),"Less Tenure Period",AND(G31>3,G31<=7),"More Tenure Period",AND(G31>7,G31<=10),"Large Tenure Period")} -> More Tenure Period | R31: {=_xlfn.IFS(AND(C31>300,C31<=525),"1 Star",AND(C31>525,C31<=600),"2 Star",AND(C31>600,C31<=700),"3 Star",AND(C31>700,C31<=750),"4 Star",AND(C31>750,C31<=900),"5 Star")} -> 3 Star | S31: {=_xlfn.IFS(E31="Male",1,E31="Female",2)} -> 2 | T31: {=_xlfn.IFS(D31="France",1,D31="Germany",2,D31="Spain",3)} -> 1
A32: 31 | B32: Williams | C32: 416 | D32: Germany | E32: Male | F32: 40 | G32: 1 | H32: 192565.36 | I32: 3 | J32: 0 | K32: 0 | L32: 106833.18 | M32: 1 | N32: =(H32-$X$4)/$X$7 -> 0.89168077 | O32: =(L32-$Y$5)/$Y$8 -> 0.60144853 | P32: {=_xlfn.IFS(AND(F32>15,F32<=30), "Youngsters", AND(F32>30,F32<=50), "Adults", AND(F32>50,F32<=70),"Old person", AND(F32>70, F32<92), "Senior Citizens")} -> Adults | Q32: {=_xlfn.IFS(G32=0,"No Tenure Period",AND(G32>0,G32<=3),"Less Tenure Period",AND(G32>3,G32<=7),"More Tenure Period",AND(G32>7,G32<=10),"Large Tenure Period")} -> Less Tenure Period | R32: {=_xlfn.IFS(AND(C32>300,C32<=525),"1 Star",AND(C32>525,C32<=600),"2 Star",AND(C32>600,C32<=700),"3 Star",AND(C32>700,C32<=750),"4 Star",AND(C32>750,C32<=900),"5 Star")} -> 1 Star | S32: {=_xlfn.IFS(E32="Male",1,E32="Female",2)} -> 1 | T32: {=_xlfn.IFS(D32="France",1,D32="Germany",2,D32="Spain",3)} -> 2
A33: 32 | B33: Jones | C33: 806 | D33: Spain | E33: Female | F33: 60 | G33: 10 | H33: 98142.26 | I33: 4 | J33: 0 | K33: 1 | L33: 88655.49 | M33: 1 | N33: =(H33-$X$4)/$X$7 -> -0.42025226 | O33: =(L33-$Y$5)/$Y$8 -> 0.15725229 | P33: {=_xlfn.IFS(AND(F33>15,F33<=30), "Youngsters", AND(F33>30,F33<=50), "Adults", AND(F33>50,F33<=70),"Old person", AND(F33>70, F33<92), "Senior Citizens")} -> Old person | Q33: {=_xlfn.IFS(G33=0,"No Tenure Period",AND(G33>0,G33<=3),"Less Tenure Period",AND(G33>3,G33<=7),"More Tenure Period",AND(G33>7,G33<=10),"Large Tenure Period")} -> Large Tenure Period | R33: {=_xlfn.IFS(AND(C33>300,C33<=525),"1 Star",AND(C33>525,C33<=600),"2 Star",AND(C33>600,C33<=700),"3 Star",AND(C33>700,C33<=750),"4 Star",AND(C33>750,C33<=900),"5 Star")} -> 5 Star | S33: {=_xlfn.IFS(E33="Male",1,E33="Female",2)} -> 2 | T33: {=_xlfn.IFS(D33="France",1,D33="Germany",2,D33="Spain",3)} -> 3
A34: 33 | B34: Moore | C34: 849 | D34: France | E34: Female | F34: 77 | G34: 2 | H34: 55839.55 | I34: 1 | J34: 1 | K34: 1 | L34: 45305.66 | M34: 1 | N34: =(H34-$X$4)/$X$7 -> -1.0080144 | O34: =(L34-$Y$5)/$Y$8 -> -0.90205895 | P34: {=_xlfn.IFS(AND(F34>15,F34<=30), "Youngsters", AND(F34>30,F34<=50), "Adults", AND(F34>50,F34<=70),"Old person", AND(F34>70, F34<92), "Senior Citizens")} -> Senior Citizens | Q34: {=_xlfn.IFS(G34=0,"No Tenure Period",AND(G34>0,G34<=3),"Less Tenure Period",AND(G34>3,G34<=7),"More Tenure Period",AND(G34>7,G34<=10),"Large Tenure Period")} -> Less Tenure Period | R34: {=_xlfn.IFS(AND(C34>300,C34<=525),"1 Star",AND(C34>525,C34<=600),"2 Star",AND(C34>600,C34<=700),"3 Star",AND(C34>700,C34<=750),"4 Star",AND(C34>750,C34<=900),"5 Star")} -> 5 Star | S34: {=_xlfn.IFS(E34="Male",1,E34="Female",2)} -> 2 | T34: {=_xlfn.IFS(D34="France",1,D34="Germany",2,D34="Spain",3)} -> 1
A35: 34 | B35: Johnson | C35: 475 | D35: Spain | E35: Male | F35: 72 | G35: 6 | H35: 72899.17 | I35: 1 | J35: 0 | K35: 0 | L35: 90761.77 | M35: 0 | N35: =(H35-$X$4)/$X$7 -> -0.7709847 | O35: =(L35-$Y$5)/$Y$8 -> 0.20872207 | P35: {=_xlfn.IFS(AND(F35>15,F35<=30), "Youngsters", AND(F35>30,F35<=50), "Adults", AND(F35>50,F35<=70),"Old person", AND(F35>70, F35<92), "Senior Citizens")} -> Senior Citizens | Q35: {=_xlfn.IFS(G35=0,"No Tenure Period",AND(G35>0,G35<=3),"Less Tenure Period",AND(G35>3,G35<=7),"More Tenure Period",AND(G35>7,G35<=10),"Large Tenure Period")} -> More Tenure Period | R35: {=_xlfn.IFS(AND(C35>300,C35<=525),"1 Star",AND(C35>525,C35<=600),"2 Star",AND(C35>600,C35<=700),"3 Star",AND(C35>700,C35<=750),"4 Star",AND(C35>750,C35<=900),"5 Star")} -> 1 Star | S35: {=_xlfn.IFS(E35="Male",1,E35="Female",2)} -> 1 | T35: {=_xlfn.IFS(D35="France",1,D35="Germany",2,D35="Spain",3)} -> 3
A36: 35 | B36: Jones | C36: 488 | D36: France | E36: Female | F36: 91 | G36: 8 | H36: 200786.02 | I36: 1 | J36: 0 | K36: 0 | L36: 128936.13 | M36: 1 | N36: =(H36-$X$4)/$X$7 -> 1.0059002 | O36: =(L36-$Y$5)/$Y$8 -> 1.1415638 | P36: {=_xlfn.IFS(AND(F36>15,F36<=30), "Youngsters", AND(F36>30,F36<=50), "Adults", AND(F36>50,F36<=70),"Old person", AND(F36>70, F36<92), "Senior Citizens")} -> Senior Citizens | Q36: {=_xlfn.IFS(G36=0,"No Tenure Period",AND(G36>0,G36<=3),"Less Tenure Period",AND(G36>3,G36<=7),"More Tenure Period",AND(G36>7,G36<=10),"Large Tenure Period")} -> Large Tenure Period | R36: {=_xlfn.IFS(AND(C36>300,C36<=525),"1 Star",AND(C36>525,C36<=600),"2 Star",AND(C36>600,C36<=700),"3 Star",AND(C36>700,C36<=750),"4 Star",AND(C36>750,C36<=900),"5 Star")} -> 1 Star | S36: {=_xlfn.IFS(E36="Male",1,E36="Female",2)} -> 2 | T36: {=_xlfn.IFS(D36="France",1,D36="Germany",2,D36="Spain",3)} -> 1
A37: 36 | B37: Jones | C37: 462 | D37: Germany | E37: Male | F37: 69 | G37: 2 | H37: 9295.29 | I37: 3 | J37: 0 | K37: 0 | L37: 39491.23 | M37: 1 | N37: =(H37-$X$4)/$X$7 -> -1.6547095 | O37: =(L37-$Y$5)/$Y$8 -> -1.0441423 | P37: {=_xlfn.IFS(AND(F37>15,F37<=30), "Youngsters", AND(F37>30,F37<=50), "Adults", AND(F37>50,F37<=70),"Old person", AND(F37>70, F37<92), "Senior Citizens")} -> Old person | Q37: {=_xlfn.IFS(G37=0,"No Tenure Period",AND(G37>0,G37<=3),"Less Tenure Period",AND(G37>3,G37<=7),"More Tenure Period",AND(G37>7,G37<=10),"Large Tenure Period")} -> Less Tenure Period | R37: {=_xlfn.IFS(AND(C37>300,C37<=525),"1 Star",AND(C37>525,C37<=600),"2 Star",AND(C37>600,C37<=700),"3 Star",AND(C37>700,C37<=750),"4 Star",AND(C37>750,C37<=900),"5 Star")} -> 1 Star | S37: {=_xlfn.IFS(E37="Male",1,E37="Female",2)} -> 1 | T37: {=_xlfn.IFS(D37="France",1,D37="Germany",2,D37="Spain",3)} -> 2
A38: 37 | B38: Jones | C38: 568 | D38: Germany | E38: Female | F38: 41 | G38: 10 | H38: 192830.21 | I38: 2 | J38: 0 | K38: 0 | L38: 82220.31 | M38: 0 | N38: =(H38-$X$4)/$X$7 -> 0.89536065 | O38: =(L38-$Y$5)/$Y$8 -> 3.6238263e-08 | P38: {=_xlfn.IFS(AND(F38>15,F38<=30), "Youngsters", AND(F38>30,F38<=50), "Adults", AND(F38>50,F38<=70),"Old person", AND(F38>70, F38<92), "Senior Citizens")} -> Adults | Q38: {=_xlfn.IFS(G38=0,"No Tenure Period",AND(G38>0,G38<=3),"Less Tenure Period",AND(G38>3,G38<=7),"More Tenure Period",AND(G38>7,G38<=10),"Large Tenure Period")} -> Large Tenure Period | R38: {=_xlfn.IFS(AND(C38>300,C38<=525),"1 Star",AND(C38>525,C38<=600),"2 Star",AND(C38>600,C38<=700),"3 Star",AND(C38>700,C38<=750),"4 Star",AND(C38>750,C38<=900),"5 Star")} -> 2 Star | S38: {=_xlfn.IFS(E38="Male",1,E38="Female",2)} -> 2 | T38: {=_xlfn.IFS(D38="France",1,D38="Germany",2,D38="Spain",3)} -> 2
A39: 38 | B39: Wilson | C39: 505 | D39: Spain | E39: Male | F39: 43 | G39: 9 | H39: 190574.23 | I39: 1 | J39: 1 | K39: 0 | L39: 22363.52 | M39: 0 | N39: =(H39-$X$4)/$X$7 -> 0.86401562 | O39: =(L39-$Y$5)/$Y$8 -> -1.4626809 | P39: {=_xlfn.IFS(AND(F39>15,F39<=30), "Youngsters", AND(F39>30,F39<=50), "Adults", AND(F39>50,F39<=70),"Old person", AND(F39>70, F39<92), "Senior Citizens")} -> Adults | Q39: {=_xlfn.IFS(G39=0,"No Tenure Period",AND(G39>0,G39<=3),"Less Tenure Period",AND(G39>3,G39<=7),"More Tenure Period",AND(G39>7,G39<=10),"Large Tenure Period")} -> Large Tenure Period | R39: {=_xlfn.IFS(AND(C39>300,C39<=525),"1 Star",AND(C39>525,C39<=600),"2 Star",AND(C39>600,C39<=700),"3 Star",AND(C39>700,C39<=750),"4 Star",AND(C39>750,C39<=900),"5 Star")} -> 1 Star | S39: {=_xlfn.IFS(E39="Male",1,E39="Female",2)} -> 1 | T39: {=_xlfn.IFS(D39="France",1,D39="Germany",2,D39="Spain",3)} -> 3
A40: 39 | B40: Smith | C40: 534 | D40: Spain | E40: Female | F40: 75 | G40: 9 | H40: 20385.3 | I40: 1 | J40: 0 | K40: 0 | L40: 118972.35 | M40: 1 | N40: =(H40-$X$4)/$X$7 -> -1.5006227 | O40: =(L40-$Y$5)/$Y$8 -> 0.89808543 | P40: {=_xlfn.IFS(AND(F40>15,F40<=30), "Youngsters", AND(F40>30,F40<=50), "Adults", AND(F40>50,F40<=70),"Old person", AND(F40>70, F40<92), "Senior Citizens")} -> Senior Citizens | Q40: {=_xlfn.IFS(G40=0,"No Tenure Period",AND(G40>0,G40<=3),"Less Tenure Period",AND(G40>3,G40<=7),"More Tenure Period",AND(G40>7,G40<=10),"Large Tenure Period")} -> Large Tenure Period | R40: {=_xlfn.IFS(AND(C40>300,C40<=525),"1 Star",AND(C40>525,C40<=600),"2 Star",AND(C40>600,C40<=700),"3 Star",AND(C40>700,C40<=750),"4 Star",AND(C40>750,C40<=900),"5 Star")} -> 2 Star | S40: {=_xlfn.IFS(E40="Male",1,E40="Female",2)} -> 2 | T40: {=_xlfn.IFS(D40="France",1,D40="Germany",2,D40="Spain",3)} -> 3
... A500: 500 | B500: Davis | C500: 393 | D500: Germany | E500: Male | F500: 23 | G500: 9 | H500: 189955.55 | I500: 3 | J500: 1 | K500: 1 | L500: 85565.14 | M500: 1 | N500: =(H500-$X$4)/$X$7 -> 0.85541956 | O500: =(L500-$Y$5)/$Y$8 -> 0.081735444 | P500: {=_xlfn.IFS(AND(F500>15,F500<=30), "Youngsters", AND(F500>30,F500<=50), "Adults", AND(F500>50,F500<=70),"Old person", AND(F500>70, F500<92), "Senior Citizens")} -> Youngsters | Q500: {=_xlfn.IFS(G500=0,"No Tenure Period",AND(G500>0,G500<=3),"Less Tenure Period",AND(G500>3,G500<=7),"More Tenure Period",AND(G500>7,G500<=10),"Large Tenure Period")} -> Large Tenure Period | R500: {=_xlfn.IFS(AND(C500>300,C500<=525),"1 Star",AND(C500>525,C500<=600),"2 Star",AND(C500>600,C500<=700),"3 Star",AND(C500>700,C500<=750),"4 Star",AND(C500>750,C500<=900),"5 Star")} -> 1 Star | S500: {=_xlfn.IFS(E500="Male",1,E500="Female",2)} -> 1 | T500: {=_xlfn.IFS(D500="France",1,D500="Germany",2,D500="Spain",3)} -> 2

Sheet Age vs CS
A1: Age Category | B1: =DATA!R1 -> CS Category | D1: Row Labels | E1: Count of CS Category | G1: Age | H1: =DATA!C1 -> CreditScore | K1: Age | L1: CreditScore
A2: Youngsters | B2: =DATA!R2 -> 5 Star | D2: Adults | E2: 136 | G2: 20 | H2: =DATA!C2 -> 764 | J2: Age | K2: 1
A3: Old person | B3: =DATA!R3 -> 1 Star | D3: 1 Star | E3: 49 | G3: 64 | H3: =DATA!C3 -> 365 | J3: CreditScore | K3: -0.050991838 | L3: 1
A4: Old person | B4: =DATA!R4 -> 1 Star | D4: 2 Star | E4: 24 | G4: 69 | H4: =DATA!C4 -> 519
A5: Old person | B5: =DATA!R5 -> 1 Star | D5: 3 Star | E5: 22 | G5: 59 | H5: =DATA!C5 -> 516
A6: Youngsters | B6: =DATA!R6 -> 3 Star | D6: 4 Star | E6: 18 | G6: 21 | H6: =DATA!C6 -> 659 | J6: SUMMARY OUTPUT
A7: Adults | B7: =DATA!R7 -> 5 Star | D7: 5 Star | E7: 23 | G7: 34 | H7: =DATA!C7 -> 777
A8: Senior Citizens | B8: =DATA!R8 -> 1 Star | D8: Old person | E8: 125 | G8: 81 | H8: =DATA!C8 -> 432 | J8: Regression Statistics
A9: Senior Citizens | B9: =DATA!R9 -> 4 Star | D9: 1 Star | E9: 49 | G9: 82 | H9: =DATA!C9 -> 741 | J9: Multiple R | K9: 0.050991838
A10: Adults | B10: =DATA!R10 -> 2 Star | D10: 2 Star | E10: 20 | G10: 31 | H10: =DATA!C10 -> 570 | J10: R Square | K10: 0.0026001675
A11: Old person | B11: =DATA!R11 -> 3 Star | D11: 3 Star | E11: 26 | G11: 56 | H11: =DATA!C11 -> 671 | J11: Adjusted R Square | K11: 0.00059332681
A12: Youngsters | B12: =DATA!R12 -> 1 Star | D12: 4 Star | E12: 14 | G12: 22 | H12: =DATA!C12 -> 519 | J12: Standard Error | K12: 137.67999
A13: Youngsters | B13: =DATA!R13 -> 3 Star | D13: 5 Star | E13: 16 | G13: 21 | H13: =DATA!C13 -> 672 | J13: Observations | K13: 499
A14: Adults | B14: =DATA!R14 -> 1 Star | D14: Senior Citizens | E14: 144 | G14: 37 | H14: =DATA!C14 -> 464
A15: Adults | B15: =DATA!R15 -> 3 Star | D15: 1 Star | E15: 59 | G15: 34 | H15: =DATA!C15 -> 698 | J15: ANOVA
A16: Senior Citizens | B16: =DATA!R16 -> 3 Star | D16: 2 Star | E16: 21 | G16: 89 | H16: =DATA!C16 -> 684 | K16: df | L16: SS | M16: MS | N16: F | O16: Significance F
A17: Adults | B17: =DATA!R17 -> 2 Star | D17: 3 Star | E17: 26 | G17: 42 | H17: =DATA!C17 -> 579 | J17: Regression | K17: 1 | L17: 24560.098 | M17: 24560.098 | N17: 1.2956522 | O17: 0.25555733
A18: Youngsters | B18: =DATA!R18 -> 2 Star | D18: 4 Star | E18: 17 | G18: 29 | H18: =DATA!C18 -> 569 | J18: Residual | K18: 497 | L18: 9421022.8 | M18: 18955.78
A19: Adults | B19: =DATA!R19 -> 2 Star | D19: 5 Star | E19: 21 | G19: 40 | H19: =DATA!C19 -> 596 | J19: Total | K19: 498 | L19: 9445582.9
A20: Senior Citizens | B20: =DATA!R20 -> 1 Star | D20: Youngsters | E20: 94 | G20: 78 | H20: =DATA!C20 -> 450
A21: Youngsters | B21: =DATA!R21 -> 5 Star | D21: 1 Star | E21: 32 | G21: 20 | H21: =DATA!C21 -> 765 | K21: Coefficients | L21: Standard Error | M21: t Stat | N21: P-value | O21: Lower 95% | P21: Upper 95% | Q21: Lower 95.0% | R21: Upper 95.0%
A22: Youngsters | B22: =DATA!R22 -> 2 Star | D22: 2 Star | E22: 15 | G22: 26 | H22: =DATA!C22 -> 571 | J22: Intercept | K22: 609.1784 | L22: 16.546545 | M22: 36.816048 | N22: 4.288293e-144 | O22: 576.6686 | P22: 641.68821 | Q22: 576.6686 | R22: 641.68821
A23: Senior Citizens | B23: =DATA!R23 -> 2 Star | D23: 3 Star | E23: 22 | G23: 90 | H23: =DATA!C23 -> 528 | J23: Age | K23: -0.32301397 | L23: 0.28377693 | M23: -1.1382672 | N23: 0.25555733 | O23: -0.88056431 | P23: 0.23453637 | Q23: -0.88056431 | R23: 0.23453637
A24: Old person | B24: =DATA!R24 -> 1 Star | D24: 4 Star | E24: 9 | G24: 56 | H24: =DATA!C24 -> 524
A25: Old person | B25: =DATA!R25 -> 1 Star | D25: 5 Star | E25: 16 | G25: 70 | H25: =DATA!C25 -> 443
A26: Senior Citizens | B26: =DATA!R26 -> 1 Star | D26: Grand Total | E26: 499 | G26: 81 | H26: =DATA!C26 -> 464
A27: Adults | B27: =DATA!R27 -> 1 Star | G27: 39 | H27: =DATA!C27 -> 511
A28: Youngsters | B28: =DATA!R28 -> 3 Star | G28: 22 | H28: =DATA!C28 -> 618
A29: Adults | B29: =DATA!R29 -> 2 Star | G29: 49 | H29: =DATA!C29 -> 574
A30: Old person | B30: =DATA!R30 -> 2 Star | G30: 55 | H30: =DATA!C30 -> 583
A31: Youngsters | B31: =DATA!R31 -> 3 Star | G31: 25 | H31: =DATA!C31 -> 686
A32: Adults | B32: =DATA!R32 -> 1 Star | G32: 40 | H32: =DATA!C32 -> 416
A33: Old person | B33: =DATA!R33 -> 5 Star | G33: 60 | H33: =DATA!C33 -> 806
A34: Senior Citizens | B34: =DATA!R34 -> 5 Star | G34: 77 | H34: =DATA!C34 -> 849
A35: Senior Citizens | B35: =DATA!R35 -> 1 Star | G35: 72 | H35: =DATA!C35 -> 475
A36: Senior Citizens | B36: =DATA!R36 -> 1 Star | G36: 91 | H36: =DATA!C36 -> 488
A37: Old person | B37: =DATA!R37 -> 1 Star | G37: 69 | H37: =DATA!C37 -> 462
A38: Adults | B38: =DATA!R38 -> 2 Star | G38: 41 | H38: =DATA!C38 -> 568
... A500: Youngsters | B500: =DATA!R500 -> 1 Star | G500: 23 | H500: =DATA!C500 -> 393

Sheet Gender Geography Age
A3: Row Labels | B3: Count of Churn
A4: Female | B4: 258
A5: 0 | B5: 129
A6: 1 | B6: 129
B7: 241
A8: 0 | B8: 98
A9: 1 | B9: 143
A10: Grand Total | B10: 499
A13: Row Labels | B13: Count of Churn
A14: France | B14: 171
A15: 0 | B15: 69
A16: 1 | B16: 102
A17: Grand Total | B17: 171
A21: Row Labels | B21: Count of Churn
A22: Senior Citizens | B22: 144
A23: 0 | B23: 62
A24: 1 | B24: 82
A25: Grand Total | B25: 144

Sheet Active Cr.Card Products
A1: Is Active Member | B1: Count of Churn
A2: 0 | B2: 262
A3: 1 | B3: 237
A4: Grand Total | B4: 499
A11: Has Cr. Card | B11: Count of Churn
A12: 0 | B12: 252
A13: 0 | B13: 111
A14: 1 | B14: 141
A15: 1 | B15: 247
A16: 0 | B16: 116
A17: 1 | B17: 131
A18: Grand Total | B18: 499
A21: No. Of Products | B21: Count of Churn
A22: 1 | B22: 125
A23: 0 | B23: 56
A24: 1 | B24: 69
A25: 2 | B25: 134
A26: 0 | B26: 60
A27: 1 | B27: 74
A28: 3 | B28: 118
A29: 0 | B29: 53
A30: 1 | B30: 65
A31: 4 | B31: 122
A32: 0 | B32: 58
A33: 1 | B33: 64
A34: Grand Total | B34: 499

Sheet Tenure Cr. Score
A1: Tenure Period | B1: Count of Churn | D1: Count of Churn | E1: Column Labels
A2: Large Tenure Period | B2: 147 | D2: Tenure | E2: 0 | F2: 1 | G2: Grand Total
A3: 0 | B3: 64 | D3: 0 | E3: 26 | F3: 17 | G3: 43
A4: 1 | B4: 83 | D4: 1 | E4: 20 | F4: 24 | G4: 44
A5: Grand Total | B5: 147 | D5: 2 | E5: 22 | F5: 25 | G5: 47
D6: 3 | E6: 16 | F6: 24 | G6: 40
D7: 4 | E7: 23 | F7: 21 | G7: 44
D8: 5 | E8: 20 | F8: 24 | G8: 44
D9: 6 | E9: 19 | F9: 28 | G9: 47 | J9: k
D10: 7 | E10: 17 | F10: 26 | G10: 43
D11: 8 | E11: 15 | F11: 24 | G11: 39
D12: 9 | E12: 20 | F12: 33 | G12: 53
D13: 10 | E13: 29 | F13: 26 | G13: 55
D14: Grand Total | E14: 227 | F14: 272 | G14: 499
A19: Count of Churn | B19: Column Labels
A20: Row Labels | B20: 0 | C20: 1 | D20: Grand Total
A21: 1 Star | B21: 83 | C21: 106 | D21: 189
A22: 2 Star | B22: 36 | C22: 44 | D22: 80
A23: 3 Star | B23: 42 | C23: 54 | D23: 96
A24: 4 Star | B24: 30 | C24: 28 | D24: 58
A25: 5 Star | B25: 36 | C25: 40 | D25: 76
A26: Grand Total | B26: 227 | C26: 272 | D26: 499

Sheet RA
A1: {=DATA!S1:S500} -> Gender Category | B1: =DATA!T1 -> Geography Category | C1: =DATA!F1 -> Age | D1: =DATA!M1 -> Churn
A2: 1 | B2: =DATA!T2 -> 2 | C2: =DATA!F2 -> 20 | D2: =DATA!M2 -> 0 | G2: SUMMARY OUTPUT
A3: 2 | B3: =DATA!T3 -> 3 | C3: =DATA!F3 -> 64 | D3: =DATA!M3 -> 0
A4: 1 | B4: =DATA!T4 -> 2 | C4: =DATA!F4 -> 69 | D4: =DATA!M4 -> 0 | G4: Regression Statistics
A5: 2 | B5: =DATA!T5 -> 2 | C5: =DATA!F5 -> 59 | D5: =DATA!M5 -> 0 | G5: Multiple R | H5: 0.11719686
A6: 2 | B6: =DATA!T6 -> 3 | C6: =DATA!F6 -> 21 | D6: =DATA!M6 -> 0 | G6: R Square | H6: 0.013735104
A7: 2 | B7: =DATA!T7 -> 3 | C7: =DATA!F7 -> 34 | D7: =DATA!M7 -> 0 | G7: Adjusted R Square | H7: 0.0077577411
A8: 2 | B8: =DATA!T8 -> 2 | C8: =DATA!F8 -> 81 | D8: =DATA!M8 -> 0 | G8: Standard Error | H8: 0.4965252
A9: 1 | B9: =DATA!T9 -> 1 | C9: =DATA!F9 -> 82 | D9: =DATA!M9 -> 1 | G9: Observations | H9: 499
A10: 2 | B10: =DATA!T10 -> 2 | C10: =DATA!F10 -> 31 | D10: =DATA!M10 -> 1
A11: 2 | B11: =DATA!T11 -> 1 | C11: =DATA!F11 -> 56 | D11: =DATA!M11 -> 1 | G11: ANOVA
A12: 2 | B12: =DATA!T12 -> 1 | C12: =DATA!F12 -> 22 | D12: =DATA!M12 -> 1 | H12: df | I12: SS | J12: MS | K12: F | L12: Significance F
A13: 1 | B13: =DATA!T13 -> 2 | C13: =DATA!F13 -> 21 | D13: =DATA!M13 -> 1 | G13: Regression | H13: 3 | I13: 1.6995196 | J13: 0.56650652 | K13: 2.2978534 | L13: 0.076737061
A14: 2 | B14: =DATA!T14 -> 3 | C14: =DATA!F14 -> 37 | D14: =DATA!M14 -> 0 | G14: Residual | H14: 495 | I14: 122.03595 | J14: 0.24653728
A15: 1 | B15: =DATA!T15 -> 2 | C15: =DATA!F15 -> 34 | D15: =DATA!M15 -> 1 | G15: Total | H15: 498 | I15: 123.73547
A16: 1 | B16: =DATA!T16 -> 2 | C16: =DATA!F16 -> 89 | D16: =DATA!M16 -> 0
A17: 2 | B17: =DATA!T17 -> 1 | C17: =DATA!F17 -> 42 | D17: =DATA!M17 -> 1 | H17: Coefficients | I17: Standard Error | J17: t Stat | K17: P-value | L17: Lower 95% | M17: Upper 95% | N17: Lower 95.0% | O17: Upper 95.0%
A18: 1 | B18: =DATA!T18 -> 2 | C18: =DATA!F18 -> 29 | D18: =DATA!M18 -> 1 | G18: Intercept | H18: 0.77009891 | I18: 0.10675439 | J18: 7.2137447 | K18: 2.054714e-12 | L18: 0.56035131 | M18: 0.97984652 | N18: 0.56035131 | O18: 0.97984652
A19: 1 | B19: =DATA!T19 -> 3 | C19: =DATA!F19 -> 40 | D19: =DATA!M19 -> 0 | G19: Gender Category | H19: -0.094980832 | I19: 0.044509276 | J19: -2.1339559 | K19: 0.033337237 | L19: -0.18243123 | M19: -0.0075304308 | N19: -0.18243123 | O19: -0.0075304308
A20: 2 | B20: =DATA!T20 -> 2 | C20: =DATA!F20 -> 78 | D20: =DATA!M20 -> 1 | G20: Geography Category | H20: -0.042320461 | I20: 0.026856989 | J20: -1.5757709 | K20: 0.11571748 | L20: -0.095088212 | M20: 0.010447291 | N20: -0.095088212 | O20: 0.010447291
A21: 2 | B21: =DATA!T21 -> 2 | C21: =DATA!F21 -> 20 | D21: =DATA!M21 -> 0 | G21: Age | H21: 6.8770893e-05 | I21: 0.0010237607 | J21: 0.067174776 | K21: 0.94646969 | L21: -0.0019426813 | M21: 0.0020802231 | N21: -0.0019426813 | O21: 0.0020802231
A22: 1 | B22: =DATA!T22 -> 1 | C22: =DATA!F22 -> 26 | D22: =DATA!M22 -> 1
A23: 2 | B23: =DATA!T23 -> 3 | C23: =DATA!F23 -> 90 | D23: =DATA!M23 -> 0
A24: 1 | B24: =DATA!T24 -> 3 | C24: =DATA!F24 -> 56 | D24: =DATA!M24 -> 1
A25: 2 | B25: =DATA!T25 -> 1 | C25: =DATA!F25 -> 70 | D25: =DATA!M25 -> 0
A26: 2 | B26: =DATA!T26 -> 3 | C26: =DATA!F26 -> 81 | D26: =DATA!M26 -> 0
A27: 2 | B27: =DATA!T27 -> 3 | C27: =DATA!F27 -> 39 | D27: =DATA!M27 -> 0
A28: 1 | B28: =DATA!T28 -> 2 | C28: =DATA!F28 -> 22 | D28: =DATA!M28 -> 1
A29: 1 | B29: =DATA!T29 -> 1 | C29: =DATA!F29 -> 49 | D29: =DATA!M29 -> 0
A30: 1 | B30: =DATA!T30 -> 3 | C30: =DATA!F30 -> 55 | D30: =DATA!M30 -> 1
A31: 2 | B31: =DATA!T31 -> 1 | C31: =DATA!F31 -> 25 | D31: =DATA!M31 -> 1
A32: 1 | B32: =DATA!T32 -> 2 | C32: =DATA!F32 -> 40 | D32: =DATA!M32 -> 1
A33: 2 | B33: =DATA!T33 -> 3 | C33: =DATA!F33 -> 60 | D33: =DATA!M33 -> 1
... A500: 1 | B500: =DATA!T500 -> 2 | C500: =DATA!F500 -> 23 | D500: =DATA!M500 -> 1

Sheet RA2
A1: {=DATA!K1:K500} -> IsActiveMember | B1: =DATA!C1 -> CreditScore | C1: =DATA!I1 -> NumOfProducts | D1: =DATA!M1 -> Churn
A2: 0 | B2: =DATA!C2 -> 764 | C2: =DATA!I2 -> 3 | D2: =DATA!M2 -> 0
A3: 1 | B3: =DATA!C3 -> 365 | C3: =DATA!I3 -> 3 | D3: =DATA!M3 -> 0
A4: 0 | B4: =DATA!C4 -> 519 | C4: =DATA!I4 -> 3 | D4: =DATA!M4 -> 0 | G4: SUMMARY OUTPUT
A5: 0 | B5: =DATA!C5 -> 516 | C5: =DATA!I5 -> 1 | D5: =DATA!M5 -> 0
A6: 1 | B6: =DATA!C6 -> 659 | C6: =DATA!I6 -> 1 | D6: =DATA!M6 -> 0 | G6: Regression Statistics
A7: 0 | B7: =DATA!C7 -> 777 | C7: =DATA!I7 -> 4 | D7: =DATA!M7 -> 0 | G7: Multiple R | H7: 0.039039193
A8: 0 | B8: =DATA!C8 -> 432 | C8: =DATA!I8 -> 4 | D8: =DATA!M8 -> 0 | G8: R Square | H8: 0.0015240586
A9: 1 | B9: =DATA!C9 -> 741 | C9: =DATA!I9 -> 2 | D9: =DATA!M9 -> 1 | G9: Adjusted R Square | H9: -0.0045273108
A10: 1 | B10: =DATA!C10 -> 570 | C10: =DATA!I10 -> 2 | D10: =DATA!M10 -> 1 | G10: Standard Error | H10: 0.49958951
A11: 0 | B11: =DATA!C11 -> 671 | C11: =DATA!I11 -> 2 | D11: =DATA!M11 -> 1 | G11: Observations | H11: 499
A12: 0 | B12: =DATA!C12 -> 519 | C12: =DATA!I12 -> 3 | D12: =DATA!M12 -> 1
A13: 0 | B13: =DATA!C13 -> 672 | C13: =DATA!I13 -> 3 | D13: =DATA!M13 -> 1 | G13: ANOVA
A14: 0 | B14: =DATA!C14 -> 464 | C14: =DATA!I14 -> 3 | D14: =DATA!M14 -> 0 | H14: df | I14: SS | J14: MS | K14: F | L14: Significance F
A15: 0 | B15: =DATA!C15 -> 698 | C15: =DATA!I15 -> 1 | D15: =DATA!M15 -> 1 | G15: Regression | H15: 3 | I15: 0.18858011 | J15: 0.062860036 | K15: 0.25185351 | L15: 0.86001994
A16: 0 | B16: =DATA!C16 -> 684 | C16: =DATA!I16 -> 2 | D16: =DATA!M16 -> 0 | G16: Residual | H16: 495 | I16: 123.54689 | J16: 0.24958968
A17: 1 | B17: =DATA!C17 -> 579 | C17: =DATA!I17 -> 4 | D17: =DATA!M17 -> 1 | G17: Total | H17: 498 | I17: 123.73547
A18: 0 | B18: =DATA!C18 -> 569 | C18: =DATA!I18 -> 1 | D18: =DATA!M18 -> 1
A19: 1 | B19: =DATA!C19 -> 596 | C19: =DATA!I19 -> 3 | D19: =DATA!M19 -> 0 | H19: Coefficients | I19: Standard Error | J19: t Stat | K19: P-value | L19: Lower 95% | M19: Upper 95% | N19: Lower 95.0% | O19: Upper 95.0%
A20: 1 | B20: =DATA!C20 -> 450 | C20: =DATA!I20 -> 4 | D20: =DATA!M20 -> 1 | G20: Intercept | H20: 0.62702027 | I20: 0.11472872 | J20: 5.4652423 | K20: 7.3384299e-08 | L20: 0.40160495 | M20: 0.85243559 | N20: 0.40160495 | O20: 0.85243559
A21: 0 | B21: =DATA!C21 -> 765 | C21: =DATA!I21 -> 2 | D21: =DATA!M21 -> 0 | G21: IsActiveMember | H21: 0.012461559 | I21: 0.04487125 | J21: 0.27771811 | K21: 0.78134471 | L21: -0.075700037 | M21: 0.10062316 | N21: -0.075700037 | O21: 0.10062316
A22: 1 | B22: =DATA!C22 -> 571 | C22: =DATA!I22 -> 1 | D22: =DATA!M22 -> 1 | G22: CreditScore | H22: -0.00011270619 | I22: 0.00016287504 | J22: -0.6919795 | K22: 0.48927465 | L22: -0.00043271786 | M22: 0.00020730548 | N22: -0.00043271786 | O22: 0.00020730548
A23: 0 | B23: =DATA!C23 -> 528 | C23: =DATA!I23 -> 4 | D23: =DATA!M23 -> 0 | G23: NumOfProducts | H23: -0.0085498778 | I23: 0.020094146 | J23: -0.42549098 | K23: 0.67066372 | L23: -0.048030212 | M23: 0.030930457 | N23: -0.048030212 | O23: 0.030930457
A24: 1 | B24: =DATA!C24 -> 524 | C24: =DATA!I24 -> 4 | D24: =DATA!M24 -> 1
A25: 0 | B25: =DATA!C25 -> 443 | C25: =DATA!I25 -> 2 | D25: =DATA!M25 -> 0
A26: 0 | B26: =DATA!C26 -> 464 | C26: =DATA!I26 -> 2 | D26: =DATA!M26 -> 0
A27: 1 | B27: =DATA!C27 -> 511 | C27: =DATA!I27 -> 2 | D27: =DATA!M27 -> 0
A28: 1 | B28: =DATA!C28 -> 618 | C28: =DATA!I28 -> 3 | D28: =DATA!M28 -> 1
A29: 0 | B29: =DATA!C29 -> 574 | C29: =DATA!I29 -> 3 | D29: =DATA!M29 -> 0
A30: 1 | B30: =DATA!C30 -> 583 | C30: =DATA!I30 -> 2 | D30: =DATA!M30 -> 1
A31: 0 | B31: =DATA!C31 -> 686 | C31: =DATA!I31 -> 4 | D31: =DATA!M31 -> 1
A32: 0 | B32: =DATA!C32 -> 416 | C32: =DATA!I32 -> 3 | D32: =DATA!M32 -> 1
A33: 1 | B33: =DATA!C33 -> 806 | C33: =DATA!I33 -> 4 | D33: =DATA!M33 -> 1
A34: 1 | B34: =DATA!C34 -> 849 | C34: =DATA!I34 -> 1 | D34: =DATA!M34 -> 1
A35: 0 | B35: =DATA!C35 -> 475 | C35: =DATA!I35 -> 1 | D35: =DATA!M35 -> 0
... A500: 1 | B500: =DATA!C500 -> 393 | C500: =DATA!I500 -> 3 | D500: =DATA!M500 -> 1

Sheet RA3
A1: {=DATA!G1:G500} -> Tenure | B1: =DATA!H1 -> Balance | C1: =DATA!L1 -> EstimatedSalary | D1: =DATA!M1 -> Churn
A2: 7 | B2: =DATA!H2 -> 119274.87 | C2: =DATA!L2 -> 107886.77 | D2: =DATA!M2 -> 0
A3: 3 | B3: =DATA!H3 -> 203737.4 | C3: =DATA!L3 -> 52848.11 | D3: =DATA!M3 -> 0
A4: 6 | B4: =DATA!H4 -> 146780.5 | C4: =DATA!L4 -> 94395.02 | D4: =DATA!M4 -> 0 | G4: SUMMARY OUTPUT
A5: 0 | B5: =DATA!H5 -> 23572.03 | C5: =DATA!L5 -> 146739.55 | D5: =DATA!M5 -> 0
A6: 2 | B6: =DATA!H6 -> 7463.43 | C6: =DATA!L6 -> 16036.55 | D6: =DATA!M6 -> 0 | G6: Regression Statistics
A7: 0 | B7: =DATA!H7 -> 127812.9 | C7: =DATA!L7 -> 65189.1 | D7: =DATA!M7 -> 0 | G7: Multiple R | H7: 0.067935437
A8: 10 | B8: =DATA!H8 -> 136164.96 | C8: =DATA!L8 -> 135962.88 | D8: =DATA!M8 -> 0 | G8: R Square | H8: 0.0046152236
A9: 5 | B9: =DATA!H9 -> 204042.02 | C9: =DATA!L9 -> 92581.54 | D9: =DATA!M9 -> 1 | G9: Adjusted R Square | H9: -0.0014174115
A10: 1 | B10: =DATA!H10 -> 182609.21 | C10: =DATA!L10 -> 141848.51 | D10: =DATA!M10 -> 1 | G10: Standard Error | H10: 0.49881558
A11: 7 | B11: =DATA!H11 -> 56345.73 | C11: =DATA!L11 -> 143065.1 | D11: =DATA!M11 -> 1 | G11: Observations | H11: 499
A12: 10 | B12: =DATA!H12 -> 198399.26 | C12: =DATA!L12 -> 125839.96 | D12: =DATA!M12 -> 1
A13: 3 | B13: =DATA!H13 -> 157278.91 | C13: =DATA!L13 -> 58708.71 | D13: =DATA!M13 -> 1 | G13: ANOVA
A14: 2 | B14: =DATA!H14 -> 58317.75 | C14: =DATA!L14 -> 13740.96 | D14: =DATA!M14 -> 0 | H14: df | I14: SS | J14: MS | K14: F | L14: Significance F
A15: 3 | B15: =DATA!H15 -> 128968.35 | C15: =DATA!L15 -> 143532.82 | D15: =DATA!M15 -> 1 | G15: Regression | H15: 3 | I15: 0.57106686 | J15: 0.19035562 | K15: 0.76504273 | L15: 0.51402952
A16: 2 | B16: =DATA!H16 -> 60006.91 | C16: =DATA!L16 -> 38571.28 | D16: =DATA!M16 -> 0 | G16: Residual | H16: 495 | I16: 123.1644 | J16: 0.24881698
A17: 3 | B17: =DATA!H17 -> 180430.72 | C17: =DATA!L17 -> 43961.45 | D17: =DATA!M17 -> 1 | G17: Total | H17: 498 | I17: 123.73547
A18: 7 | B18: =DATA!H18 -> 75466.39 | C18: =DATA!L18 -> 103226.64 | D18: =DATA!M18 -> 1
A19: 7 | B19: =DATA!H19 -> 124186.11 | C19: =DATA!L19 -> 108305.55 | D19: =DATA!M19 -> 0 | H19: Coefficients | I19: Standard Error | J19: t Stat | K19: P-value | L19: Lower 95% | M19: Upper 95% | N19: Lower 95.0% | O19: Upper 95.0%
A20: 1 | B20: =DATA!H20 -> 224549.07 | C20: =DATA!L20 -> 144262.57 | D20: =DATA!M20 -> 1 | G20: Intercept | H20: 0.44905214 | I20: 0.075317609 | J20: 5.9621135 | K20: 4.7384193e-09 | L20: 0.30107051 | M20: 0.59703376 | N20: 0.30107051 | O20: 0.59703376
A21: 4 | B21: =DATA!H21 -> 246840.35 | C21: =DATA!L21 -> 93337.31 | D21: =DATA!M21 -> 0 | G21: Tenure | H21: 0.0087474674 | I21: 0.0069403758 | J21: 1.2603737 | K21: 0.20812838 | L21: -0.0048887608 | M21: 0.022383696 | N21: -0.0048887608 | O21: 0.022383696
A22: 6 | B22: =DATA!H22 -> 239474.66 | C22: =DATA!L22 -> 71646.19 | D22: =DATA!M22 -> 1 | G22: Balance | H22: 1.1563176e-07 | I22: 3.1183674e-07 | J22: 0.37080867 | K22: 0.71093868 | L22: -4.9705507e-07 | M22: 7.283186e-07 | N22: -4.9705507e-07 | O22: 7.283186e-07
A23: 10 | B23: =DATA!H23 -> 192616.6 | C23: =DATA!L23 -> 27413.39 | D23: =DATA!M23 -> 0 | G23: EstimatedSalary | H23: 4.3827306e-07 | I23: 5.4821465e-07 | J23: 0.79945521 | K23: 0.42440996 | L23: -6.3884154e-07 | M23: 1.5153877e-06 | N23: -6.3884154e-07 | O23: 1.5153877e-06
A24: 7 | B24: =DATA!H24 -> 34050.82 | C24: =DATA!L24 -> 130037.45 | D24: =DATA!M24 -> 1
A25: 0 | B25: =DATA!H25 -> 116986.77 | C25: =DATA!L25 -> 16197.08 | D25: =DATA!M25 -> 0
A26: 0 | B26: =DATA!H26 -> 242071.38 | C26: =DATA!L26 -> 129312.08 | D26: =DATA!M26 -> 0
A27: 6 | B27: =DATA!H27 -> 88252.4 | C27: =DATA!L27 -> 57083.95 | D27: =DATA!M27 -> 0
A28: 4 | B28: =DATA!H28 -> 39874.14 | C28: =DATA!L28 -> 137124.11 | D28: =DATA!M28 -> 1
A29: 4 | B29: =DATA!H29 -> 47828.14 | C29: =DATA!L29 -> 129087.2 | D29: =DATA!M29 -> 0
A30: 10 | B30: =DATA!H30 -> 137337.08 | C30: =DATA!L30 -> 107849.47 | D30: =DATA!M30 -> 1
A31: 5 | B31: =DATA!H31 -> 5425.45 | C31: =DATA!L31 -> 82220.31 | D31: =DATA!M31 -> 1
A32: 1 | B32: =DATA!H32 -> 192565.36 | C32: =DATA!L32 -> 106833.18 | D32: =DATA!M32 -> 1
A33: 10 | B33: =DATA!H33 -> 98142.26 | C33: =DATA!L33 -> 88655.49 | D33: =DATA!M33 -> 1
A34: 2 | B34: =DATA!H34 -> 55839.55 | C34: =DATA!L34 -> 45305.66 | D34: =DATA!M34 -> 1
A35: 6 | B35: =DATA!H35 -> 72899.17 | C35: =DATA!L35 -> 90761.77 | D35: =DATA!M35 -> 0
... A500: 9 | B500: =DATA!H500 -> 189955.55 | C500: =DATA!L500 -> 85565.14 | D500: =DATA!M500 -> 1

Sheet Final RA
A1: {=DATA!S1:S500} -> Gender Category | B1: =DATA!M1 -> Churn
A2: 1 | B2: =DATA!M2 -> 0
A3: 2 | B3: =DATA!M3 -> 0 | D3: SUMMARY OUTPUT
A4: 1 | B4: =DATA!M4 -> 0
A5: 2 | B5: =DATA!M5 -> 0 | D5: Regression Statistics
A6: 2 | B6: =DATA!M6 -> 0 | D6: Multiple R | E6: 0.09368854
A7: 2 | B7: =DATA!M7 -> 0 | D7: R Square | E7: 0.0087775424
A8: 2 | B8: =DATA!M8 -> 0 | D8: Adjusted R Square | E8: 0.0067831311
A9: 1 | B9: =DATA!M9 -> 1 | D9: Standard Error | E9: 0.49676899
A10: 2 | B10: =DATA!M10 -> 1 | D10: Observations | E10: 499
A11: 2 | B11: =DATA!M11 -> 1
A12: 2 | B12: =DATA!M12 -> 1 | D12: ANOVA
A13: 1 | B13: =DATA!M13 -> 1 | E13: df | F13: SS | G13: MS | H13: F | I13: Significance F
A14: 2 | B14: =DATA!M14 -> 0 | D14: Regression | E14: 1 | F14: 1.0860933 | G14: 1.0860933 | H14: 4.4010692 | I14: 0.036420765
A15: 1 | B15: =DATA!M15 -> 1 | D15: Residual | E15: 497 | F15: 122.64938 | G15: 0.24677943
A16: 1 | B16: =DATA!M16 -> 0 | D16: Total | E16: 498 | F16: 123.73547
A17: 2 | B17: =DATA!M17 -> 1
A18: 1 | B18: =DATA!M18 -> 1 | E18: Coefficients | F18: Standard Error | G18: t Stat | H18: P-value | I18: Lower 95% | J18: Upper 95% | K18: Lower 95.0% | L18: Upper 95.0%
A19: 1 | B19: =DATA!M19 -> 0 | D19: Intercept | E19: 0.68672199 | F19: 0.071080473 | G19: 9.6611906 | H19: 2.3739127e-20 | I19: 0.54706673 | J19: 0.82637725 | K19: 0.54706673 | L19: 0.82637725
A20: 2 | B20: =DATA!M20 -> 1 | D20: Gender Category | E20: -0.093360996 | F20: 0.044502702 | G20: -2.0978725 | H20: 0.036420765 | I20: -0.18079762 | J20: -0.0059243741 | K20: -0.18079762 | L20: -0.0059243741
A21: 2 | B21: =DATA!M21 -> 0
A22: 1 | B22: =DATA!M22 -> 1
A23: 2 | B23: =DATA!M23 -> 0 | D23: =F23+(H23*J23) -> 0.5 | E23: = | F23: =E19 -> 0.68672199 | G23: + | H23: =E20 -> -0.093360996 | I23: * | J23: 2
A24: 1 | B24: =DATA!M24 -> 1
A25: 2 | B25: =DATA!M25 -> 0
A26: 2 | B26: =DATA!M26 -> 0
A27: 2 | B27: =DATA!M27 -> 0
A28: 1 | B28: =DATA!M28 -> 1
A29: 1 | B29: =DATA!M29 -> 0
A30: 1 | B30: =DATA!M30 -> 1
A31: 2 | B31: =DATA!M31 -> 1
A32: 1 | B32: =DATA!M32 -> 1
A33: 2 | B33: =DATA!M33 -> 1
A34: 2 | B34: =DATA!M34 -> 1
A35: 1 | B35: =DATA!M35 -> 0
... A500: 1 | B500: =DATA!M500 -> 1

Sheet Test
A1: {=DATA!S1:S500} -> Gender Category | B1: =DATA!M1 -> Churn | H1: Gender | I1: =DATA!M1 -> Churn
A2: 1 | B2: =DATA!M2 -> 0 | E2: Gender Category | F2: Churn | H2: Female | I2: =DATA!M3 -> 0 | K2: t-Test: Two-Sample Assuming Equal Variances
A3: 2 | B3: =DATA!M3 -> 0 | D3: Gender Category | E3: 1 | H3: Female | I3: =DATA!M5 -> 0
A4: 1 | B4: =DATA!M4 -> 0 | D4: Churn | E4: -0.15434817 | F4: 1 | H4: Female | I4: =DATA!M6 -> 0 | L4: Male | M4: Female
A5: 2 | B5: =DATA!M5 -> 0 | H5: Female | I5: =DATA!M7 -> 0 | K5: Mean | L5: 0.593361 | M5: 0.5
A6: 2 | B6: =DATA!M6 -> 0 | H6: Female | I6: =DATA!M8 -> 0 | K6: Variance | L6: 0.24228907 | M6: 0.25097276
A7: 2 | B7: =DATA!M7 -> 0 | D7: Male | E7: Female | H7: Female | I7: =DATA!M10 -> 1 | K7: Observations | L7: 241 | M7: 258
A8: 2 | B8: =DATA!M8 -> 0 | D8: 0 | E8: 0 | H8: Female | I8: =DATA!M11 -> 1 | K8: Pooled Variance | L8: 0.24677943
A9: 1 | B9: =DATA!M9 -> 1 | D9: 0 | E9: 0 | H9: Female | I9: =DATA!M12 -> 1 | K9: Hypothesized Mean Difference | L9: 0
A10: 2 | B10: =DATA!M10 -> 1 | D10: 1 | E10: 0 | H10: Female | I10: =DATA!M14 -> 0 | K10: df | L10: 497
A11: 2 | B11: =DATA!M11 -> 1 | D11: 1 | E11: 0 | H11: Female | I11: =DATA!M17 -> 1 | K11: t Stat | L11: 2.0978725
A12: 2 | B12: =DATA!M12 -> 1 | D12: 1 | E12: 0 | H12: Female | I12: =DATA!M20 -> 1 | K12: P(T<=t) one-tail | L12: 0.018210383
A13: 1 | B13: =DATA!M13 -> 1 | D13: 0 | E13: 1 | H13: Female | I13: =DATA!M21 -> 0 | K13: t Critical one-tail | L13: 1.6479253
A14: 2 | B14: =DATA!M14 -> 0 | D14: 1 | E14: 1 | H14: Female | I14: =DATA!M23 -> 0 | K14: P(T<=t) two-tail | L14: 0.036420765
A15: 1 | B15: =DATA!M15 -> 1 | D15: 0 | E15: 1 | H15: Female | I15: =DATA!M25 -> 0 | K15: t Critical two-tail | L15: 1.9647486
A16: 1 | B16: =DATA!M16 -> 0 | D16: 1 | E16: 0 | H16: Female | I16: =DATA!M26 -> 0
A17: 2 | B17: =DATA!M17 -> 1 | D17: 1 | E17: 1 | H17: Female | I17: =DATA!M27 -> 0
A18: 1 | B18: =DATA!M18 -> 1 | D18: 1 | E18: 1 | H18: Female | I18: =DATA!M31 -> 1
A19: 1 | B19: =DATA!M19 -> 0 | D19: 0 | E19: 0 | H19: Female | I19: =DATA!M33 -> 1
A20: 2 | B20: =DATA!M20 -> 1 | D20: 1 | E20: 0 | H20: Female | I20: =DATA!M34 -> 1
A21: 2 | B21: =DATA!M21 -> 0 | D21: 1 | E21: 0 | H21: Female | I21: =DATA!M36 -> 1
A22: 1 | B22: =DATA!M22 -> 1 | D22: 0 | E22: 0 | H22: Female | I22: =DATA!M38 -> 0
A23: 2 | B23: =DATA!M23 -> 0 | D23: 1 | E23: 0 | H23: Female | I23: =DATA!M40 -> 1
A24: 1 | B24: =DATA!M24 -> 1 | D24: 0 | E24: 1 | H24: Female | I24: =DATA!M41 -> 0
A25: 2 | B25: =DATA!M25 -> 0 | D25: 1 | E25: 1 | H25: Female | I25: =DATA!M44 -> 1
A26: 2 | B26: =DATA!M26 -> 0 | D26: 0 | E26: 1 | H26: Female | I26: =DATA!M46 -> 0
A27: 2 | B27: =DATA!M27 -> 0 | D27: 0 | E27: 1 | H27: Female | I27: =DATA!M47 -> 1
A28: 1 | B28: =DATA!M28 -> 1 | D28: 0 | E28: 0 | H28: Female | I28: =DATA!M48 -> 0
A29: 1 | B29: =DATA!M29 -> 0 | D29: 1 | E29: 1 | H29: Female | I29: =DATA!M49 -> 1
A30: 1 | B30: =DATA!M30 -> 1 | D30: 0 | E30: 0 | H30: Female | I30: =DATA!M50 -> 1
A31: 2 | B31: =DATA!M31 -> 1 | D31: 1 | E31: 1 | H31: Female | I31: =DATA!M54 -> 0
A32: 1 | B32: =DATA!M32 -> 1 | D32: 0 | E32: 0 | H32: Female | I32: =DATA!M58 -> 1
A33: 2 | B33: =DATA!M33 -> 1 | D33: 1 | E33: 1 | H33: Female | I33: =DATA!M62 -> 0
A34: 2 | B34: =DATA!M34 -> 1 | D34: 1 | E34: 0 | H34: Female | I34: =DATA!M64 -> 1
A35: 1 | B35: =DATA!M35 -> 0 | D35: 0 | E35: 1 | H35: Female | I35: =DATA!M65 -> 0
A36: 2 | B36: =DATA!M36 -> 1 | D36: 1 | E36: 1 | H36: Female | I36: =DATA!M67 -> 0
A37: 1 | B37: =DATA!M37 -> 1 | D37: 1 | E37: 0 | H37: Female | I37: =DATA!M69 -> 0
A38: 2 | B38: =DATA!M38 -> 0 | D38: 1 | E38: 1 | H38: Female | I38: =DATA!M71 -> 1
A39: 1 | B39: =DATA!M39 -> 0 | D39: 1 | E39: 0 | H39: Female | I39: =DATA!M73 -> 0
A40: 2 | B40: =DATA!M40 -> 1 | D40: 1 | E40: 1 | H40: Female | I40: =DATA!M75 -> 0
A41: 2 | B41: =DATA!M41 -> 0 | D41: 1 | E41: 0 | H41: Female | I41: =DATA!M76 -> 0
A42: 1 | B42: =DATA!M42 -> 1 | D42: 0 | E42: 0 | H42: Female | I42: =DATA!M77 -> 0
A43: 1 | B43: =DATA!M43 -> 0 | D43: 1 | E43: 0 | H43: Female | I43: =DATA!M78 -> 0
A44: 2 | B44: =DATA!M44 -> 1 | D44: 0 | E44: 1 | H44: Female | I44: =DATA!M79 -> 0
A45: 1 | B45: =DATA!M45 -> 0 | D45: 1 | E45: 0 | H45: Female | I45: =DATA!M82 -> 0
A46: 2 | B46: =DATA!M46 -> 0 | D46: 1 | E46: 0 | H46: Female | I46: =DATA!M85 -> 0
A47: 2 | B47: =DATA!M47 -> 1 | D47: 1 | E47: 0 | H47: Female | I47: =DATA!M86 -> 0
A48: 2 | B48: =DATA!M48 -> 0 | D48: 1 | E48: 0 | H48: Female | I48: =DATA!M87 -> 1
A49: 2 | B49: =DATA!M49 -> 1 | D49: 0 | E49: 0 | H49: Female | I49: =DATA!M88 -> 0
A50: 2 | B50: =DATA!M50 -> 1 | D50: 1 | E50: 0 | H50: Female | I50: =DATA!M91 -> 0
A51: 1 | B51: =DATA!M51 -> 0 | D51: 0 | E51: 0 | H51: Female | I51: =DATA!M94 -> 0
A52: 1 | B52: =DATA!M52 -> 1 | D52: 1 | E52: 0 | H52: Female | I52: =DATA!M97 -> 1
A53: 1 | B53: =DATA!M53 -> 0 | D53: 0 | E53: 0 | H53: Female | I53: =DATA!M101 -> 1
A54: 2 | B54: =DATA!M54 -> 0 | D54: 0 | E54: 1 | H54: Female | I54: =DATA!M102 -> 0
A55: 1 | B55: =DATA!M55 -> 1 | D55: 1 | E55: 0 | H55: Female | I55: =DATA!M104 -> 1
A56: 1 | B56: =DATA!M56 -> 0 | D56: 0 | E56: 0 | H56: Female | I56: =DATA!M106 -> 1
A57: 1 | B57: =DATA!M57 -> 1 | D57: 1 | E57: 0 | H57: Female | I57: =DATA!M108 -> 0
A58: 2 | B58: =DATA!M58 -> 1 | D58: 1 | E58: 1 | H58: Female | I58: =DATA!M111 -> 1
A59: 1 | B59: =DATA!M59 -> 1 | D59: 1 | E59: 1 | H59: Female | I59: =DATA!M114 -> 0
A60: 1 | B60: =DATA!M60 -> 0 | D60: 0 | E60: 0 | H60: Female | I60: =DATA!M115 -> 0
A61: 1 | B61: =DATA!M61 -> 1 | D61: 0 | E61: 1 | H61: Female | I61: =DATA!M119 -> 0
A62: 2 | B62: =DATA!M62 -> 0 | D62: 0 | E62: 1 | H62: Female | I62: =DATA!M120 -> 0
A63: 1 | B63: =DATA!M63 -> 1 | D63: 1 | E63: 0 | H63: Female | I63: =DATA!M125 -> 1
A64: 2 | B64: =DATA!M64 -> 1 | D64: 1 | E64: 1 | H64: Female | I64: =DATA!M128 -> 1
A65: 2 | B65: =DATA!M65 -> 0 | D65: 1 | E65: 0 | H65: Female | I65: =DATA!M129 -> 0
A66: 1 | B66: =DATA!M66 -> 1 | D66: 1 | E66: 0 | H66: Female | I66: =DATA!M130 -> 0
A67: 2 | B67: =DATA!M67 -> 0 | D67: 1 | E67: 0 | H67: Female | I67: =DATA!M131 -> 0
A68: 1 | B68: =DATA!M68 -> 1 | D68: 0 | E68: 0 | H68: Female | I68: =DATA!M134 -> 1
A69: 2 | B69: =DATA!M69 -> 0 | D69: 1 | E69: 1 | H69: Female | I69: =DATA!M135 -> 1
A70: 1 | B70: =DATA!M70 -> 1 | D70: 0 | E70: 1 | H70: Female | I70: =DATA!M139 -> 1
A71: 2 | B71: =DATA!M71 -> 1 | D71: 0 | E71: 0 | H71: Female | I71: =DATA!M140 -> 0
A72: 1 | B72: =DATA!M72 -> 1 | D72: 1 | E72: 0 | H72: Female | I72: =DATA!M141 -> 1
A73: 2 | B73: =DATA!M73 -> 0 | D73: 0 | E73: 0 | H73: Female | I73: =DATA!M145 -> 0
A74: 1 | B74: =DATA!M74 -> 0 | D74: 1 | E74: 1 | H74: Female | I74: =DATA!M146 -> 0
A75: 2 | B75: =DATA!M75 -> 0 | D75: 1 | E75: 1 | H75: Female | I75: =DATA!M149 -> 1
A76: 2 | B76: =DATA!M76 -> 0 | D76: 0 | E76: 1 | H76: Female | I76: =DATA!M150 -> 1
A77: 2 | B77: =DATA!M77 -> 0 | D77: 1 | E77: 0 | H77: Female | I77: =DATA!M151 -> 0
A78: 2 | B78: =DATA!M78 -> 0 | D78: 0 | E78: 1 | H78: Female | I78: =DATA!M154 -> 1
A79: 2 | B79: =DATA!M79 -> 0 | D79: 1 | E79: 0 | H79: Female | I79: =DATA!M156 -> 0
A80: 1 | B80: =DATA!M80 -> 1 | D80: 0 | E80: 0 | H80: Female | I80: =DATA!M160 -> 1
A81: 1 | B81: =DATA!M81 -> 0 | D81: 1 | E81: 1 | H81: Female | I81: =DATA!M162 -> 0
A82: 2 | B82: =DATA!M82 -> 0 | D82: 0 | E82: 1 | H82: Female | I82: =DATA!M164 -> 1
A83: 1 | B83: =DATA!M83 -> 1 | D83: 1 | E83: 0 | H83: Female | I83: =DATA!M165 -> 1
A84: 1 | B84: =DATA!M84 -> 1 | D84: 1 | E84: 1 | H84: Female | I84: =DATA!M166 -> 0
A85: 2 | B85: =DATA!M85 -> 0 | D85: 1 | E85: 0 | H85: Female | I85: =DATA!M167 -> 1
A86: 2 | B86: =DATA!M86 -> 0 | D86: 0 | E86: 1 | H86: Female | I86: =DATA!M168 -> 1
A87: 2 | B87: =DATA!M87 -> 1 | D87: 1 | E87: 0 | H87: Female | I87: =DATA!M171 -> 0
A88: 2 | B88: =DATA!M88 -> 0 | D88: 1 | E88: 1 | H88: Female | I88: =DATA!M172 -> 1
A89: 1 | B89: =DATA!M89 -> 1 | D89: 0 | E89: 1 | H89: Female | I89: =DATA!M173 -> 0
A90: 1 | B90: =DATA!M90 -> 1 | D90: 0 | E90: 0 | H90: Female | I90: =DATA!M175 -> 1
A91: 2 | B91: =DATA!M91 -> 0 | D91: 0 | E91: 1 | H91: Female | I91: =DATA!M177 -> 1
A92: 1 | B92: =DATA!M92 -> 0 | D92: 1 | E92: 1 | H92: Female | I92: =DATA!M179 -> 1
A93: 1 | B93: =DATA!M93 -> 1 | D93: 1 | E93: 0 | H93: Female | I93: =DATA!M182 -> 1
A94: 2 | B94: =DATA!M94 -> 0 | D94: 0 | E94: 1 | H94: Female | I94: =DATA!M183 -> 0
A95: 1 | B95: =DATA!M95 -> 0 | D95: 1 | E95: 0 | H95: Female | I95: =DATA!M184 -> 0
A96: 1 | B96: =DATA!M96 -> 1 | D96: 0 | E96: 1 | H96: Female | I96: =DATA!M185 -> 0
A97: 2 | B97: =DATA!M97 -> 1 | D97: 0 | E97: 1 | H97: Female | I97: =DATA!M192 -> 0
A98: 1 | B98: =DATA!M98 -> 0 | D98: 1 | E98: 1 | H98: Female | I98: =DATA!M196 -> 1
A99: 1 | B99: =DATA!M99 -> 0 | D99: 1 | E99: 1 | H99: Female | I99: =DATA!M198 -> 0
A100: 1 | B100: =DATA!M100 -> 1 | D100: 0 | E100: 0 | H100: Female | I100: =DATA!M201 -> 1
...

Sheet Test2
A1: {=DATA!T1:T500} -> Geography Category | B1: =DATA!M1 -> Churn | H1: Geography | I1: =DATA!M1 -> Churn
A2: 2 | B2: =DATA!M2 -> 0 | E2: Geography Category | F2: Churn | H2: France | I2: =DATA!M9 -> 1 | K2: Anova: Single Factor
A3: 3 | B3: =DATA!M3 -> 0 | D3: Geography Category | E3: 1 | H3: France | I3: =DATA!M11 -> 1
A4: 2 | B4: =DATA!M4 -> 0 | D4: Churn | E4: -0.068056228 | F4: 1 | H4: France | I4: =DATA!M12 -> 1 | K4: SUMMARY
A5: 2 | B5: =DATA!M5 -> 0 | H5: France | I5: =DATA!M17 -> 1 | K5: Groups | L5: Count | M5: Sum | N5: Average | O5: Variance
A6: 3 | B6: =DATA!M6 -> 0 | D6: France | E6: Germany | F6: Spain | H6: France | I6: =DATA!M22 -> 1 | K6: France | L6: 171 | M6: 102 | N6: 0.59649123 | O6: 0.24210526
A7: 3 | B7: =DATA!M7 -> 0 | D7: 1 | E7: 0 | F7: 0 | H7: France | I7: =DATA!M25 -> 0 | K7: Germany | L7: 157 | M7: 82 | N7: 0.52229299 | O7: 0.2511024
A8: 2 | B8: =DATA!M8 -> 0 | D8: 1 | E8: 0 | F8: 0 | H8: France | I8: =DATA!M29 -> 0 | K8: Spain | L8: 171 | M8: 88 | N8: 0.51461988 | O8: 0.25125559
A9: 1 | B9: =DATA!M9 -> 1 | D9: 1 | E9: 0 | F9: 0 | H9: France | I9: =DATA!M31 -> 1
A10: 2 | B10: =DATA!M10 -> 1 | D10: 1 | E10: 0 | F10: 0 | H10: France | I10: =DATA!M34 -> 1
A11: 1 | B11: =DATA!M11 -> 1 | D11: 1 | E11: 1 | F11: 0 | H11: France | I11: =DATA!M36 -> 1 | K11: ANOVA
A12: 1 | B12: =DATA!M12 -> 1 | D12: 0 | E12: 1 | F12: 0 | H12: France | I12: =DATA!M41 -> 0 | K12: Source of Variation | L12: SS | M12: df | N12: MS | O12: F | P12: P-value | Q12: F crit
A13: 2 | B13: =DATA!M13 -> 1 | D13: 0 | E13: 1 | F13: 1 | H13: France | I13: =DATA!M47 -> 1 | K13: Between Groups | L13: 0.69215139 | M13: 2 | N13: 0.3460757 | O13: 1.3950659 | P13: 0.24878734 | Q13: 3.0138989
A14: 3 | B14: =DATA!M14 -> 0 | D14: 1 | E14: 0 | F14: 0 | H14: France | I14: =DATA!M54 -> 0 | K14: Within Groups | L14: 123.04332 | M14: 496 | N14: 0.24807121
A15: 2 | B15: =DATA!M15 -> 1 | D15: 1 | E15: 1 | F15: 0 | H15: France | I15: =DATA!M56 -> 0
A16: 2 | B16: =DATA!M16 -> 0 | D16: 1 | E16: 1 | F16: 1 | H16: France | I16: =DATA!M57 -> 1 | K16: Total | L16: 123.73547 | M16: 498
A17: 1 | B17: =DATA!M17 -> 1 | D17: 0 | E17: 0 | F17: 1 | H17: France | I17: =DATA!M62 -> 0
A18: 2 | B18: =DATA!M18 -> 1 | D18: 1 | E18: 1 | F18: 0 | H18: France | I18: =DATA!M69 -> 0
A19: 3 | B19: =DATA!M19 -> 0 | D19: 0 | E19: 1 | F19: 0 | H19: France | I19: =DATA!M71 -> 1
A20: 2 | B20: =DATA!M20 -> 1 | D20: 0 | E20: 1 | F20: 1 | H20: France | I20: =DATA!M81 -> 0
A21: 2 | B21: =DATA!M21 -> 0 | D21: 1 | E21: 0 | F21: 1 | H21: France | I21: =DATA!M89 -> 1
A22: 1 | B22: =DATA!M22 -> 1 | D22: 0 | E22: 0 | F22: 0 | H22: France | I22: =DATA!M90 -> 1
A23: 3 | B23: =DATA!M23 -> 0 | D23: 0 | E23: 1 | F23: 1 | H23: France | I23: =DATA!M91 -> 0
A24: 3 | B24: =DATA!M24 -> 1 | D24: 1 | E24: 0 | F24: 0 | H24: France | I24: =DATA!M92 -> 0
A25: 1 | B25: =DATA!M25 -> 0 | D25: 0 | E25: 0 | F25: 1 | H25: France | I25: =DATA!M101 -> 1
A26: 3 | B26: =DATA!M26 -> 0 | D26: 1 | E26: 1 | F26: 0 | H26: France | I26: =DATA!M106 -> 1
A27: 3 | B27: =DATA!M27 -> 0 | D27: 1 | E27: 1 | F27: 1 | H27: France | I27: =DATA!M107 -> 1
A28: 2 | B28: =DATA!M28 -> 1 | D28: 0 | E28: 1 | F28: 0 | H28: France | I28: =DATA!M111 -> 1
A29: 1 | B29: =DATA!M29 -> 0 | D29: 0 | E29: 1 | F29: 1 | H29: France | I29: =DATA!M112 -> 0
A30: 3 | B30: =DATA!M30 -> 1 | D30: 1 | E30: 0 | F30: 1 | H30: France | I30: =DATA!M114 -> 0
A31: 1 | B31: =DATA!M31 -> 1 | D31: 1 | E31: 1 | F31: 0 | H31: France | I31: =DATA!M116 -> 1
A32: 2 | B32: =DATA!M32 -> 1 | D32: 1 | E32: 1 | F32: 1 | H32: France | I32: =DATA!M118 -> 1
A33: 3 | B33: =DATA!M33 -> 1 | D33: 1 | E33: 0 | F33: 1 | H33: France | I33: =DATA!M122 -> 1
A34: 1 | B34: =DATA!M34 -> 1 | D34: 0 | E34: 0 | F34: 0 | H34: France | I34: =DATA!M124 -> 1
A35: 3 | B35: =DATA!M35 -> 0 | D35: 0 | E35: 0 | F35: 0 | H35: France | I35: =DATA!M129 -> 0
A36: 1 | B36: =DATA!M36 -> 1 | D36: 1 | E36: 0 | F36: 0 | H36: France | I36: =DATA!M136 -> 1
A37: 2 | B37: =DATA!M37 -> 1 | D37: 1 | E37: 1 | F37: 1 | H37: France | I37: =DATA!M138 -> 0
A38: 2 | B38: =DATA!M38 -> 0 | D38: 1 | E38: 0 | F38: 0 | H38: France | I38: =DATA!M141 -> 1
A39: 3 | B39: =DATA!M39 -> 0 | D39: 1 | E39: 1 | F39: 0 | H39: France | I39: =DATA!M143 -> 0
A40: 3 | B40: =DATA!M40 -> 1 | D40: 0 | E40: 0 | F40: 1 | H40: France | I40: =DATA!M144 -> 1
A41: 1 | B41: =DATA!M41 -> 0 | D41: 1 | E41: 0 | F41: 1 | H41: France | I41: =DATA!M148 -> 1
A42: 3 | B42: =DATA!M42 -> 1 | D42: 0 | E42: 1 | F42: 0 | H42: France | I42: =DATA!M149 -> 1
A43: 2 | B43: =DATA!M43 -> 0 | D43: 1 | E43: 0 | F43: 1 | H43: France | I43: =DATA!M151 -> 0
A44: 2 | B44: =DATA!M44 -> 1 | D44: 0 | E44: 0 | F44: 1 | H44: France | I44: =DATA!M154 -> 1
A45: 2 | B45: =DATA!M45 -> 0 | D45: 1 | E45: 1 | F45: 0 | H45: France | I45: =DATA!M157 -> 1
A46: 3 | B46: =DATA!M46 -> 0 | D46: 1 | E46: 1 | F46: 0 | H46: France | I46: =DATA!M159 -> 1
A47: 1 | B47: =DATA!M47 -> 1 | D47: 1 | E47: 1 | F47: 1 | H47: France | I47: =DATA!M163 -> 0
A48: 2 | B48: =DATA!M48 -> 0 | D48: 0 | E48: 1 | F48: 0 | H48: France | I48: =DATA!M164 -> 1
A49: 2 | B49: =DATA!M49 -> 1 | D49: 1 | E49: 1 | F49: 0 | H49: France | I49: =DATA!M167 -> 1
A50: 3 | B50: =DATA!M50 -> 1 | D50: 1 | E50: 0 | F50: 0 | H50: France | I50: =DATA!M172 -> 1
A51: 3 | B51: =DATA!M51 -> 0 | D51: 1 | E51: 0 | F51: 0 | H51: France | I51: =DATA!M173 -> 0
A52: 3 | B52: =DATA!M52 -> 1 | D52: 0 | E52: 0 | F52: 0 | H52: France | I52: =DATA!M176 -> 1
A53: 3 | B53: =DATA!M53 -> 0 | D53: 1 | E53: 1 | F53: 0 | H53: France | I53: =DATA!M177 -> 1
A54: 1 | B54: =DATA!M54 -> 0 | D54: 1 | E54: 1 | F54: 0 | H54: France | I54: =DATA!M182 -> 1
A55: 3 | B55: =DATA!M55 -> 1 | D55: 1 | E55: 0 | F55: 0 | H55: France | I55: =DATA!M183 -> 0
A56: 1 | B56: =DATA!M56 -> 0 | D56: 0 | E56: 0 | F56: 1 | H56: France | I56: =DATA!M185 -> 0
A57: 1 | B57: =DATA!M57 -> 1 | D57: 1 | E57: 1 | F57: 0 | H57: France | I57: =DATA!M192 -> 0
A58: 2 | B58: =DATA!M58 -> 1 | D58: 1 | E58: 0 | F58: 1 | H58: France | I58: =DATA!M193 -> 0
A59: 2 | B59: =DATA!M59 -> 1 | D59: 1 | E59: 1 | F59: 1 | H59: France | I59: =DATA!M198 -> 0
A60: 3 | B60: =DATA!M60 -> 0 | D60: 0 | E60: 0 | F60: 1 | H60: France | I60: =DATA!M201 -> 1
A61: 2 | B61: =DATA!M61 -> 1 | D61: 0 | E61: 0 | F61: 1 | H61: France | I61: =DATA!M204 -> 1
A62: 1 | B62: =DATA!M62 -> 0 | D62: 0 | E62: 1 | F62: 0 | H62: France | I62: =DATA!M206 -> 1
A63: 3 | B63: =DATA!M63 -> 1 | D63: 0 | E63: 0 | F63: 0 | H63: France | I63: =DATA!M208 -> 1
A64: 3 | B64: =DATA!M64 -> 1 | D64: 0 | E64: 0 | F64: 0 | H64: France | I64: =DATA!M212 -> 1
A65: 3 | B65: =DATA!M65 -> 0 | D65: 1 | E65: 1 | F65: 1 | H65: France | I65: =DATA!M218 -> 1
A66: 3 | B66: =DATA!M66 -> 1 | D66: 1 | E66: 1 | F66: 1 | H66: France | I66: =DATA!M220 -> 0
A67: 2 | B67: =DATA!M67 -> 0 | D67: 1 | E67: 1 | F67: 0 | H67: France | I67: =DATA!M223 -> 1
A68: 3 | B68: =DATA!M68 -> 1 | D68: 1 | E68: 0 | F68: 1 | H68: France | I68: =DATA!M225 -> 0
A69: 1 | B69: =DATA!M69 -> 0 | D69: 1 | E69: 1 | F69: 1 | H69: France | I69: =DATA!M234 -> 1
A70: 2 | B70: =DATA!M70 -> 1 | D70: 1 | E70: 1 | F70: 0 | H70: France | I70: =DATA!M235 -> 1
A71: 1 | B71: =DATA!M71 -> 1 | D71: 0 | E71: 1 | F71: 1 | H71: France | I71: =DATA!M237 -> 0
A72: 2 | B72: =DATA!M72 -> 1 | D72: 1 | E72: 1 | F72: 0 | H72: France | I72: =DATA!M238 -> 0
A73: 2 | B73: =DATA!M73 -> 0 | D73: 0 | E73: 0 | F73: 0 | H73: France | I73: =DATA!M240 -> 1
A74: 2 | B74: =DATA!M74 -> 0 | D74: 1 | E74: 0 | F74: 0 | H74: France | I74: =DATA!M244 -> 0
A75: 2 | B75: =DATA!M75 -> 0 | D75: 1 | E75: 1 | F75: 1 | H75: France | I75: =DATA!M250 -> 0
A76: 3 | B76: =DATA!M76 -> 0 | D76: 0 | E76: 0 | F76: 0 | H76: France | I76: =DATA!M252 -> 0
A77: 2 | B77: =DATA!M77 -> 0 | D77: 0 | E77: 0 | F77: 1 | H77: France | I77: =DATA!M255 -> 1
A78: 3 | B78: =DATA!M78 -> 0 | D78: 1 | E78: 0 | F78: 1 | H78: France | I78: =DATA!M257 -> 1
A79: 3 | B79: =DATA!M79 -> 0 | D79: 0 | E79: 0 | F79: 1 | H79: France | I79: =DATA!M264 -> 0
A80: 2 | B80: =DATA!M80 -> 1 | D80: 0 | E80: 0 | F80: 0 | H80: France | I80: =DATA!M265 -> 1
A81: 1 | B81: =DATA!M81 -> 0 | D81: 0 | E81: 1 | F81: 1 | H81: France | I81: =DATA!M267 -> 1
A82: 2 | B82: =DATA!M82 -> 0 | D82: 1 | E82: 1 | F82: 1 | H82: France | I82: =DATA!M272 -> 1
A83: 2 | B83: =DATA!M83 -> 1 | D83: 1 | E83: 0 | F83: 0 | H83: France | I83: =DATA!M273 -> 1
A84: 3 | B84: =DATA!M84 -> 1 | D84: 0 | E84: 1 | F84: 0 | H84: France | I84: =DATA!M274 -> 1
A85: 3 | B85: =DATA!M85 -> 0 | D85: 1 | E85: 1 | F85: 0 | H85: France | I85: =DATA!M275 -> 0
A86: 3 | B86: =DATA!M86 -> 0 | D86: 1 | E86: 1 | F86: 0 | H86: France | I86: =DATA!M276 -> 0
A87: 3 | B87: =DATA!M87 -> 1 | D87: 1 | E87: 0 | F87: 0 | H87: France | I87: =DATA!M277 -> 0
A88: 2 | B88: =DATA!M88 -> 0 | D88: 1 | E88: 1 | F88: 0 | H88: France | I88: =DATA!M278 -> 1
A89: 1 | B89: =DATA!M89 -> 1 | D89: 1 | E89: 0 | F89: 1 | H89: France | I89: =DATA!M280 -> 1
A90: 1 | B90: =DATA!M90 -> 1 | D90: 0 | E90: 1 | F90: 1 | H90: France | I90: =DATA!M281 -> 1
A91: 1 | B91: =DATA!M91 -> 0 | D91: 0 | E91: 0 | F91: 1 | H91: France | I91: =DATA!M282 -> 1
A92: 1 | B92: =DATA!M92 -> 0 | D92: 0 | E92: 0 | F92: 0 | H92: France | I92: =DATA!M284 -> 0
A93: 3 | B93: =DATA!M93 -> 1 | D93: 1 | E93: 0 | F93: 1 | H93: France | I93: =DATA!M289 -> 1
A94: 2 | B94: =DATA!M94 -> 0 | D94: 1 | E94: 1 | F94: 1 | H94: France | I94: =DATA!M291 -> 0
A95: 3 | B95: =DATA!M95 -> 0 | D95: 1 | E95: 1 | F95: 0 | H95: France | I95: =DATA!M294 -> 0
A96: 3 | B96: =DATA!M96 -> 1 | D96: 1 | E96: 1 | F96: 0 | H96: France | I96: =DATA!M295 -> 1
A97: 2 | B97: =DATA!M97 -> 1 | D97: 0 | E97: 0 | F97: 0 | H97: France | I97: =DATA!M297 -> 0
A98: 2 | B98: =DATA!M98 -> 0 | D98: 1 | E98: 1 | F98: 1 | H98: France | I98: =DATA!M298 -> 1
A99: 2 | B99: =DATA!M99 -> 0 | D99: 0 | E99: 1 | F99: 1 | H99: France | I99: =DATA!M304 -> 0
A100: 3 | B100: =DATA!M100 -> 1 | D100: 0 | E100: 0 | F100: 1 | H100: France | I100: =DATA!M305 -> 1
...

Sheet Test3
A1: {=DATA!G1:G500} -> Tenure | B1: =DATA!M1 -> Churn | H1: Tenure Period | I1: =DATA!M1 -> Churn | K1: No TP | L1: Less TP | M1: More TP | N1: Large TP | P1: Anova: Single Factor
A2: 7 | B2: =DATA!M2 -> 0 | E2: Tenure | F2: Churn | H2: Large Tenure Period | I2: =DATA!M8 -> 0 | K2: 0 | L2: 0 | M2: 1 | N2: 0
A3: 3 | B3: =DATA!M3 -> 0 | D3: Tenure | E3: 1 | H3: Large Tenure Period | I3: =DATA!M12 -> 1 | K3: 0 | L3: 0 | M3: 1 | N3: 1 | P3: SUMMARY
A4: 6 | B4: =DATA!M4 -> 0 | D4: Churn | E4: 0.055986456 | F4: 1 | H4: Large Tenure Period | I4: =DATA!M23 -> 0 | K4: 0 | L4: 0 | M4: 1 | N4: 0 | P4: Groups | Q4: Count | R4: Sum | S4: Average | T4: Variance
A5: 0 | B5: =DATA!M5 -> 0 | H5: Large Tenure Period | I5: =DATA!M30 -> 1 | K5: 0 | L5: 0 | M5: 1 | N5: 1 | P5: No TP | Q5: 43 | R5: 17 | S5: 0.39534884 | T5: 0.24473976
A6: 2 | B6: =DATA!M6 -> 0 | H6: Large Tenure Period | I6: =DATA!M33 -> 1 | K6: 0 | L6: 0 | M6: 0 | N6: 1 | P6: Less TP | Q6: 131 | R6: 64 | S6: 0.48854962 | T6: 0.25179096
A7: 0 | B7: =DATA!M7 -> 0 | H7: Large Tenure Period | I7: =DATA!M36 -> 1 | K7: 1 | L7: 0 | M7: 1 | N7: 1 | P7: More TP | Q7: 178 | R7: 100 | S7: 0.56179775 | T7: 0.24757189
A8: 10 | B8: =DATA!M8 -> 0 | H8: Large Tenure Period | I8: =DATA!M38 -> 0 | K8: 1 | L8: 1 | M8: 0 | N8: 0 | P8: Large TP | Q8: 147 | R8: 83 | S8: 0.56462585 | T8: 0.24750722
A9: 5 | B9: =DATA!M9 -> 1 | H9: Large Tenure Period | I9: =DATA!M39 -> 0 | K9: 0 | L9: 1 | M9: 1 | N9: 0
A10: 1 | B10: =DATA!M10 -> 1 | H10: Large Tenure Period | I10: =DATA!M40 -> 1 | K10: 0 | L10: 1 | M10: 1 | N10: 1
A11: 7 | B11: =DATA!M11 -> 1 | H11: Large Tenure Period | I11: =DATA!M43 -> 0 | K11: 0 | L11: 1 | M11: 0 | N11: 0 | P11: ANOVA
A12: 10 | B12: =DATA!M12 -> 1 | H12: Large Tenure Period | I12: =DATA!M45 -> 0 | K12: 0 | L12: 1 | M12: 1 | N12: 0 | P12: Source of Variation | Q12: SS | R12: df | S12: MS | T12: F | U12: P-value | V12: F crit
A13: 3 | B13: =DATA!M13 -> 1 | H13: Large Tenure Period | I13: =DATA!M47 -> 1 | K13: 1 | L13: 0 | M13: 0 | N13: 1 | P13: Between Groups | Q13: 1.360484 | R13: 3 | S13: 0.45349466 | T13: 1.8255118 | U13: 0.14154074 | V13: 2.6229156
A14: 2 | B14: =DATA!M14 -> 0 | H14: Large Tenure Period | I14: =DATA!M50 -> 1 | K14: 1 | L14: 1 | M14: 0 | N14: 1 | P14: Within Groups | Q14: 122.96817 | R14: 495 | S14: 0.24842055
A15: 3 | B15: =DATA!M15 -> 1 | H15: Large Tenure Period | I15: =DATA!M51 -> 0 | K15: 1 | L15: 0 | M15: 0 | N15: 0
A16: 2 | B16: =DATA!M16 -> 0 | H16: Large Tenure Period | I16: =DATA!M52 -> 1 | K16: 1 | L16: 1 | M16: 1 | N16: 1 | P16: Total | Q16: 124.32866 | R16: 498
A17: 3 | B17: =DATA!M17 -> 1 | H17: Large Tenure Period | I17: =DATA!M53 -> 0 | K17: 0 | L17: 1 | M17: 1 | N17: 0
A18: 7 | B18: =DATA!M18 -> 1 | H18: Large Tenure Period | I18: =DATA!M68 -> 1 | K18: 0 | L18: 0 | M18: 1 | N18: 1
A19: 7 | B19: =DATA!M19 -> 0 | H19: Large Tenure Period | I19: =DATA!M74 -> 0 | K19: 0 | L19: 1 | M19: 0 | N19: 0
A20: 1 | B20: =DATA!M20 -> 1 | H20: Large Tenure Period | I20: =DATA!M75 -> 0 | K20: 0 | L20: 0 | M20: 0 | N20: 0
A21: 4 | B21: =DATA!M21 -> 0 | H21: Large Tenure Period | I21: =DATA!M81 -> 0 | K21: 0 | L21: 1 | M21: 1 | N21: 0
A22: 6 | B22: =DATA!M22 -> 1 | H22: Large Tenure Period | I22: =DATA!M82 -> 0 | K22: 1 | L22: 0 | M22: 1 | N22: 0
A23: 10 | B23: =DATA!M23 -> 0 | H23: Large Tenure Period | I23: =DATA!M83 -> 1 | K23: 0 | L23: 1 | M23: 1 | N23: 1
A24: 7 | B24: =DATA!M24 -> 1 | H24: Large Tenure Period | I24: =DATA!M84 -> 1 | K24: 1 | L24: 0 | M24: 0 | N24: 1
A25: 0 | B25: =DATA!M25 -> 0 | H25: Large Tenure Period | I25: =DATA!M85 -> 0 | K25: 1 | L25: 0 | M25: 1 | N25: 0
A26: 0 | B26: =DATA!M26 -> 0 | H26: Large Tenure Period | I26: =DATA!M89 -> 1 | K26: 1 | L26: 0 | M26: 0 | N26: 1
A27: 6 | B27: =DATA!M27 -> 0 | H27: Large Tenure Period | I27: =DATA!M92 -> 0 | K27: 0 | L27: 1 | M27: 1 | N27: 0
A28: 4 | B28: =DATA!M28 -> 1 | H28: Large Tenure Period | I28: =DATA!M95 -> 0 | K28: 0 | L28: 0 | M28: 1 | N28: 0
A29: 4 | B29: =DATA!M29 -> 0 | H29: Large Tenure Period | I29: =DATA!M97 -> 1 | K29: 1 | L29: 1 | M29: 1 | N29: 1
A30: 10 | B30: =DATA!M30 -> 1 | H30: Large Tenure Period | I30: =DATA!M103 -> 0 | K30: 0 | L30: 1 | M30: 0 | N30: 0
A31: 5 | B31: =DATA!M31 -> 1 | H31: Large Tenure Period | I31: =DATA!M104 -> 1 | K31: 1 | L31: 1 | M31: 0 | N31: 1
A32: 1 | B32: =DATA!M32 -> 1 | H32: Large Tenure Period | I32: =DATA!M105 -> 1 | K32: 0 | L32: 1 | M32: 1 | N32: 1
A33: 10 | B33: =DATA!M33 -> 1 | H33: Large Tenure Period | I33: =DATA!M107 -> 1 | K33: 0 | L33: 1 | M33: 1 | N33: 1
A34: 2 | B34: =DATA!M34 -> 1 | H34: Large Tenure Period | I34: =DATA!M108 -> 0 | K34: 1 | L34: 0 | M34: 0 | N34: 0
A35: 6 | B35: =DATA!M35 -> 0 | H35: Large Tenure Period | I35: =DATA!M121 -> 1 | K35: 0 | L35: 1 | M35: 1 | N35: 1
A36: 8 | B36: =DATA!M36 -> 1 | H36: Large Tenure Period | I36: =DATA!M126 -> 0 | K36: 0 | L36: 1 | M36: 1 | N36: 0
A37: 2 | B37: =DATA!M37 -> 1 | H37: Large Tenure Period | I37: =DATA!M133 -> 0 | K37: 1 | L37: 0 | M37: 0 | N37: 0
A38: 10 | B38: =DATA!M38 -> 0 | H38: Large Tenure Period | I38: =DATA!M137 -> 1 | K38: 0 | L38: 0 | M38: 0 | N38: 1
A39: 9 | B39: =DATA!M39 -> 0 | H39: Large Tenure Period | I39: =DATA!M139 -> 1 | K39: 1 | L39: 1 | M39: 0 | N39: 1
A40: 9 | B40: =DATA!M40 -> 1 | H40: Large Tenure Period | I40: =DATA!M140 -> 0 | K40: 0 | L40: 0 | M40: 1 | N40: 0
A41: 5 | B41: =DATA!M41 -> 0 | H41: Large Tenure Period | I41: =DATA!M141 -> 1 | K41: 1 | L41: 1 | M41: 0 | N41: 1
A42: 5 | B42: =DATA!M42 -> 1 | H42: Large Tenure Period | I42: =DATA!M142 -> 1 | K42: 0 | L42: 0 | M42: 1 | N42: 1
A43: 8 | B43: =DATA!M43 -> 0 | H43: Large Tenure Period | I43: =DATA!M144 -> 1 | K43: 0 | L43: 1 | M43: 1 | N43: 1
A44: 5 | B44: =DATA!M44 -> 1 | H44: Large Tenure Period | I44: =DATA!M146 -> 0 | K44: 1 | L44: 0 | M44: 1 | N44: 0
A45: 9 | B45: =DATA!M45 -> 0 | H45: Large Tenure Period | I45: =DATA!M147 -> 0 | L45: 0 | M45: 1 | N45: 0
A46: 1 | B46: =DATA!M46 -> 0 | H46: Large Tenure Period | I46: =DATA!M155 -> 1 | L46: 1 | M46: 0 | N46: 1
A47: 9 | B47: =DATA!M47 -> 1 | H47: Large Tenure Period | I47: =DATA!M159 -> 1 | L47: 0 | M47: 1 | N47: 1
A48: 4 | B48: =DATA!M48 -> 0 | H48: Large Tenure Period | I48: =DATA!M160 -> 1 | L48: 1 | M48: 1 | N48: 1
A49: 6 | B49: =DATA!M49 -> 1 | H49: Large Tenure Period | I49: =DATA!M165 -> 1 | L49: 1 | M49: 0 | N49: 1
A50: 9 | B50: =DATA!M50 -> 1 | H50: Large Tenure Period | I50: =DATA!M167 -> 1 | L50: 0 | M50: 1 | N50: 1
A51: 10 | B51: =DATA!M51 -> 0 | H51: Large Tenure Period | I51: =DATA!M174 -> 1 | L51: 1 | M51: 0 | N51: 1
A52: 8 | B52: =DATA!M52 -> 1 | H52: Large Tenure Period | I52: =DATA!M178 -> 0 | L52: 0 | M52: 0 | N52: 0
A53: 10 | B53: =DATA!M53 -> 0 | H53: Large Tenure Period | I53: =DATA!M179 -> 1 | L53: 0 | M53: 0 | N53: 1
A54: 0 | B54: =DATA!M54 -> 0 | H54: Large Tenure Period | I54: =DATA!M180 -> 1 | L54: 1 | M54: 0 | N54: 1
A55: 5 | B55: =DATA!M55 -> 1 | H55: Large Tenure Period | I55: =DATA!M181 -> 0 | L55: 0 | M55: 1 | N55: 0
A56: 6 | B56: =DATA!M56 -> 0 | H56: Large Tenure Period | I56: =DATA!M182 -> 1 | L56: 1 | M56: 1 | N56: 1
A57: 0 | B57: =DATA!M57 -> 1 | H57: Large Tenure Period | I57: =DATA!M185 -> 0 | L57: 1 | M57: 0 | N57: 0
A58: 6 | B58: =DATA!M58 -> 1 | H58: Large Tenure Period | I58: =DATA!M194 -> 1 | L58: 1 | M58: 1 | N58: 1
A59: 0 | B59: =DATA!M59 -> 1 | H59: Large Tenure Period | I59: =DATA!M195 -> 1 | L59: 0 | M59: 1 | N59: 1
A60: 6 | B60: =DATA!M60 -> 0 | H60: Large Tenure Period | I60: =DATA!M197 -> 0 | L60: 1 | M60: 0 | N60: 0
A61: 7 | B61: =DATA!M61 -> 1 | H61: Large Tenure Period | I61: =DATA!M208 -> 1 | L61: 0 | M61: 0 | N61: 1
A62: 1 | B62: =DATA!M62 -> 0 | H62: Large Tenure Period | I62: =DATA!M209 -> 0 | L62: 1 | M62: 1 | N62: 0
A63: 1 | B63: =DATA!M63 -> 1 | H63: Large Tenure Period | I63: =DATA!M213 -> 0 | L63: 1 | M63: 1 | N63: 0
A64: 5 | B64: =DATA!M64 -> 1 | H64: Large Tenure Period | I64: =DATA!M215 -> 0 | L64: 0 | M64: 1 | N64: 0
A65: 0 | B65: =DATA!M65 -> 0 | H65: Large Tenure Period | I65: =DATA!M216 -> 1 | L65: 1 | M65: 0 | N65: 1
A66: 6 | B66: =DATA!M66 -> 1 | H66: Large Tenure Period | I66: =DATA!M225 -> 0 | L66: 0 | M66: 0 | N66: 0
A67: 4 | B67: =DATA!M67 -> 0 | H67: Large Tenure Period | I67: =DATA!M226 -> 0 | L67: 1 | M67: 1 | N67: 0
A68: 10 | B68: =DATA!M68 -> 1 | H68: Large Tenure Period | I68: =DATA!M229 -> 1 | L68: 0 | M68: 1 | N68: 1
A69: 4 | B69: =DATA!M69 -> 0 | H69: Large Tenure Period | I69: =DATA!M230 -> 1 | L69: 1 | M69: 1 | N69: 1
A70: 7 | B70: =DATA!M70 -> 1 | H70: Large Tenure Period | I70: =DATA!M231 -> 1 | L70: 1 | M70: 0 | N70: 1
A71: 2 | B71: =DATA!M71 -> 1 | H71: Large Tenure Period | I71: =DATA!M234 -> 1 | L71: 1 | M71: 1 | N71: 1
A72: 1 | B72: =DATA!M72 -> 1 | H72: Large Tenure Period | I72: =DATA!M241 -> 1 | L72: 0 | M72: 1 | N72: 1
A73: 4 | B73: =DATA!M73 -> 0 | H73: Large Tenure Period | I73: =DATA!M246 -> 1 | L73: 0 | M73: 0 | N73: 1
A74: 9 | B74: =DATA!M74 -> 0 | H74: Large Tenure Period | I74: =DATA!M248 -> 0 | L74: 0 | M74: 1 | N74: 0
A75: 8 | B75: =DATA!M75 -> 0 | H75: Large Tenure Period | I75: =DATA!M251 -> 0 | L75: 0 | M75: 1 | N75: 0
A76: 4 | B76: =DATA!M76 -> 0 | H76: Large Tenure Period | I76: =DATA!M254 -> 0 | L76: 0 | M76: 1 | N76: 0
A77: 4 | B77: =DATA!M77 -> 0 | H77: Large Tenure Period | I77: =DATA!M255 -> 1 | L77: 0 | M77: 0 | N77: 1
A78: 7 | B78: =DATA!M78 -> 0 | H78: Large Tenure Period | I78: =DATA!M256 -> 0 | L78: 0 | M78: 0 | N78: 0
A79: 0 | B79: =DATA!M79 -> 0 | H79: Large Tenure Period | I79: =DATA!M258 -> 1 | L79: 1 | M79: 0 | N79: 1
A80: 7 | B80: =DATA!M80 -> 1 | H80: Large Tenure Period | I80: =DATA!M263 -> 1 | L80: 0 | M80: 1 | N80: 1
A81: 10 | B81: =DATA!M81 -> 0 | H81: Large Tenure Period | I81: =DATA!M268 -> 0 | L81: 0 | M81: 0 | N81: 0
A82: 8 | B82: =DATA!M82 -> 0 | H82: Large Tenure Period | I82: =DATA!M274 -> 1 | L82: 1 | M82: 0 | N82: 1
A83: 9 | B83: =DATA!M83 -> 1 | H83: Large Tenure Period | I83: =DATA!M277 -> 0 | L83: 1 | M83: 0 | N83: 0
A84: 9 | B84: =DATA!M84 -> 1 | H84: Large Tenure Period | I84: =DATA!M280 -> 1 | L84: 0 | M84: 1 | N84: 1
A85: 10 | B85: =DATA!M85 -> 0 | H85: Large Tenure Period | I85: =DATA!M282 -> 1 | L85: 0 | M85: 0 | N85: 1
A86: 5 | B86: =DATA!M86 -> 0 | H86: Large Tenure Period | I86: =DATA!M283 -> 1 | L86: 1 | M86: 1 | N86: 1
A87: 2 | B87: =DATA!M87 -> 1 | H87: Large Tenure Period | I87: =DATA!M293 -> 1 | L87: 0 | M87: 1 | N87: 1
A88: 6 | B88: =DATA!M88 -> 0 | H88: Large Tenure Period | I88: =DATA!M294 -> 0 | L88: 1 | M88: 0 | N88: 0
A89: 9 | B89: =DATA!M89 -> 1 | H89: Large Tenure Period | I89: =DATA!M297 -> 0 | L89: 1 | M89: 0 | N89: 0
A90: 5 | B90: =DATA!M90 -> 1 | H90: Large Tenure Period | I90: =DATA!M301 -> 0 | L90: 0 | M90: 0 | N90: 0
A91: 6 | B91: =DATA!M91 -> 0 | H91: Large Tenure Period | I91: =DATA!M305 -> 1 | L91: 0 | M91: 1 | N91: 1
A92: 10 | B92: =DATA!M92 -> 0 | H92: Large Tenure Period | I92: =DATA!M310 -> 1 | L92: 1 | M92: 0 | N92: 1
A93: 5 | B93: =DATA!M93 -> 1 | H93: Large Tenure Period | I93: =DATA!M312 -> 0 | L93: 0 | M93: 0 | N93: 0
A94: 3 | B94: =DATA!M94 -> 0 | H94: Large Tenure Period | I94: =DATA!M317 -> 0 | L94: 0 | M94: 0 | N94: 0
A95: 10 | B95: =DATA!M95 -> 0 | H95: Large Tenure Period | I95: =DATA!M320 -> 1 | L95: 1 | M95: 0 | N95: 1
A96: 3 | B96: =DATA!M96 -> 1 | H96: Large Tenure Period | I96: =DATA!M325 -> 0 | L96: 1 | M96: 1 | N96: 0
A97: 10 | B97: =DATA!M97 -> 1 | H97: Large Tenure Period | I97: =DATA!M327 -> 1 | L97: 0 | M97: 1 | N97: 1
A98: 0 | B98: =DATA!M98 -> 0 | H98: Large Tenure Period | I98: =DATA!M328 -> 1 | L98: 0 | M98: 1 | N98: 1
A99: 3 | B99: =DATA!M99 -> 0 | H99: Large Tenure Period | I99: =DATA!M331 -> 0 | L99: 1 | M99: 1 | N99: 0
A100: 4 | B100: =DATA!M100 -> 1 | H100: Large Tenure Period | I100: =DATA!M332 -> 1 | L100: 1 | M100: 0 | N100: 1
...

Sheet Test4
A1: EstimatedSalary | B1: =DATA!M1 -> Churn | D1: Churn (NO=0) | E1: Churn (YES=1)
A2: 10127.81 | B2: =DATA!M63 -> 1 | D2: Non-Churned Customers Salary | E2: Churned Customers Salary
A3: 10423.71 | B3: =DATA!M208 -> 1 | D3: 107886.77 | E3: 92581.54 | H3: t-Test: Two-Sample Assuming Equal Variances
A4: 11462.63 | B4: =DATA!M153 -> 1 | D4: 52848.11 | E4: 141848.51
A5: 11580.61 | B5: =DATA!M495 -> 0 | D5: 94395.02 | E5: 143065.1 | I5: Non-Churned Customers Salary | J5: Churned Customers Salary
A6: 11871.68 | B6: =DATA!M290 -> 0 | D6: 146739.55 | E6: 125839.96 | H6: Mean | I6: 80771.831 | J6: 83429.148
A7: 11971.58 | B7: =DATA!M78 -> 0 | D7: 16036.55 | E7: 58708.71 | H7: Variance | I7: 1.6254183e+09 | J7: 1.7186875e+09
A8: 12942.16 | B8: =DATA!M347 -> 0 | D8: 65189.1 | E8: 143532.82 | H8: Observations | I8: 227 | J8: 272
A9: 12942.78 | B9: =DATA!M389 -> 0 | D9: 135962.88 | E9: 43961.45 | H9: Pooled Variance | I9: 1.6762753e+09
A10: 13005.86 | B10: =DATA!M140 -> 0 | D10: 13740.96 | E10: 103226.64 | H10: Hypothesized Mean Difference | I10: 0
A11: 13370.94 | B11: =DATA!M454 -> 1 | D11: 38571.28 | E11: 144262.57 | H11: df | I11: 497
A12: 13545.02 | B12: =DATA!M135 -> 1 | D12: 108305.55 | E12: 71646.19 | H12: t Stat | I12: -0.72196758
A13: 13740.96 | B13: =DATA!M14 -> 0 | D13: 93337.31 | E13: 130037.45 | H13: P(T<=t) one-tail | I13: 0.23532697
A14: 13741.1 | B14: =DATA!M363 -> 1 | D14: 27413.39 | E14: 137124.11 | H14: t Critical one-tail | I14: 1.6479253
A15: 14185.62 | B15: =DATA!M189 -> 0 | D15: 16197.08 | E15: 107849.47 | H15: P(T<=t) two-tail | I15: 0.47065395
A16: 14556.33 | B16: =DATA!M295 -> 1 | D16: 129312.08 | E16: 82220.31 | H16: t Critical two-tail | I16: 1.9647486
A17: 14640.19 | B17: =DATA!M265 -> 1 | D17: 57083.95 | E17: 106833.18
A18: 14893.47 | B18: =DATA!M466 -> 1 | D18: 129087.2 | E18: 88655.49
A19: 15514.32 | B19: =DATA!M346 -> 0 | D19: 90761.77 | E19: 45305.66 | I19: EstimatedSalary | J19: Churn
A20: 15679.54 | B20: =DATA!M86 -> 0 | D20: 82220.31 | E20: 128936.13 | H20: EstimatedSalary | I20: 1
A21: 15699.41 | B21: =DATA!M364 -> 0 | D21: 22363.52 | E21: 39491.23 | H21: Churn | I21: 0.032367703 | J21: 1
A22: 16036.55 | B22: =DATA!M6 -> 0 | D22: 23908.03 | E22: 118972.35
A23: 16131.69 | B23: =DATA!M58 -> 1 | D23: 81519.78 | E23: 82220.31
A24: 16197.08 | B24: =DATA!M25 -> 0 | D24: 19803.7 | E24: 48255.32
A25: 16236.92 | B25: =DATA!M203 -> 1 | D25: 124490.71 | E25: 64920.41
A26: 16581.23 | B26: =DATA!M353 -> 1 | D26: 133876.08 | E26: 110877.22
A27: 16813.42 | B27: =DATA!M464 -> 1 | D27: 118097.5 | E27: 21781.6
A28: 17554.76 | B28: =DATA!M345 -> 1 | D28: 24025.92 | E28: 125168.23
A29: 17973.88 | B29: =DATA!M134 -> 1 | D29: 103834.77 | E29: 40937.34
A30: 18020.81 | B30: =DATA!M77 -> 0 | D30: 56949.24 | E30: 29656.96
A31: 18606.01 | B31: =DATA!M193 -> 0 | D31: 140603.54 | E31: 16131.69
A32: 18737.27 | B32: =DATA!M222 -> 0 | D32: 33012.78 | E32: 130050.9
A33: 19461.59 | B33: =DATA!M473 -> 1 | D33: 86343.96 | E33: 111048.16
A34: 19540.71 | B34: =DATA!M426 -> 1 | D34: 103458.26 | E34: 10127.81
A35: 19713.43 | B35: =DATA!M215 -> 0 | D35: 50593.37 | E35: 60885.4
A36: 19803.7 | B36: =DATA!M45 -> 0 | D36: 92201.91 | E36: 68374.88
A37: 19915.18 | B37: =DATA!M430 -> 1 | D37: 36831.44 | E37: 48970.88
A38: 20310.53 | B38: =DATA!M304 -> 0 | D38: 67445.01 | E38: 99812.42
A39: 20477.41 | B39: =DATA!M441 -> 1 | D39: 60075.81 | E39: 128437.74
A40: 21082.35 | B40: =DATA!M281 -> 1 | D40: 18020.81 | E40: 138274.03
A41: 21108.79 | B41: =DATA!M387 -> 0 | D41: 11971.58 | E41: 109301.93
A42: 21151.48 | B42: =DATA!M162 -> 0 | D42: 53475.84 | E42: 132532.96
A43: 21425.94 | B43: =DATA!M109 -> 1 | D43: 101131.11 | E43: 142833.3
A44: 21570.41 | B44: =DATA!M309 -> 0 | D44: 117137.04 | E44: 145603.81
A45: 21781.6 | B45: =DATA!M50 -> 1 | D45: 121737.08 | E45: 133731.55
A46: 22278.37 | B46: =DATA!M402 -> 0 | D46: 15679.54 | E46: 28817.75
A47: 22363.52 | B47: =DATA!M39 -> 0 | D47: 54061.89 | E47: 121172.65
A48: 22814.14 | B48: =DATA!M145 -> 0 | D48: 101797.2 | E48: 147488.24
A49: 22885.14 | B49: =DATA!M427 -> 1 | D49: 54977.06 | E49: 111587.44
A50: 23399.15 | B50: =DATA!M468 -> 1 | D50: 27995.72 | E50: 103995.53
A51: 23547.86 | B51: =DATA!M280 -> 1 | D51: 81112.42 | E51: 125609.39
A52: 23783.4 | B52: =DATA!M329 -> 0 | D52: 27793.35 | E52: 128540.03
A53: 23908.03 | B53: =DATA!M41 -> 0 | D53: 102150.42 | E53: 61080.02
A54: 23962.59 | B54: =DATA!M126 -> 0 | D54: 51542.45 | E54: 71498.5
A55: 24025.92 | B55: =DATA!M53 -> 0 | D55: 30554.85 | E55: 144375.8
A56: 24061.04 | B56: =DATA!M469 -> 1 | D56: 74188.76 | E56: 21425.94
A57: 24566 | B57: =DATA!M302 -> 1 | D57: 102543.92 | E57: 110349.05
A58: 25837.27 | B58: =DATA!M201 -> 1 | D58: 75419.12 | E58: 117883.52
A59: 26002.71 | B59: =DATA!M272 -> 1 | D59: 108422.12 | E59: 49103.38
A60: 26370.52 | B60: =DATA!M360 -> 1 | D60: 65451.93 | E60: 76101.24
A61: 27139.72 | B61: =DATA!M182 -> 1 | D61: 136090.56 | E61: 82791.57
A62: 27387.77 | B62: =DATA!M332 -> 1 | D62: 111107.96 | E62: 127955.4
A63: 27413.39 | B63: =DATA!M23 -> 0 | D63: 84784.47 | E63: 141665.95
A64: 27505.16 | B64: =DATA!M371 -> 0 | D64: 101378.44 | E64: 48022.06
A65: 27793.35 | B65: =DATA!M98 -> 0 | D65: 23962.59 | E65: 36575.88
A66: 27995.72 | B66: =DATA!M94 -> 0 | D66: 36037.63 | E66: 38147.91
A67: 28096.07 | B67: =DATA!M165 -> 1 | D67: 87587.83 | E67: 17973.88
A68: 28817.75 | B68: =DATA!M90 -> 1 | D68: 81668.89 | E68: 13545.02
A69: 29342.26 | B69: =DATA!M319 -> 1 | D69: 93162.76 | E69: 59763.13
A70: 29656.96 | B70: =DATA!M57 -> 1 | D70: 43499.67 | E70: 114484.04
A71: 30241.09 | B71: =DATA!M443 -> 1 | D71: 108015.6 | E71: 103143.51
A72: 30554.85 | B72: =DATA!M103 -> 0 | D72: 13005.86 | E72: 142792.83
A73: 31564.75 | B73: =DATA!M301 -> 0 | D73: 70775.05 | E73: 57655.65
A74: 32556.34 | B74: =DATA!M423 -> 1 | D74: 22814.14 | E74: 122175.46
A75: 33012.78 | B75: =DATA!M62 -> 0 | D75: 34759.36 | E75: 128074.02
A76: 33137.16 | B76: =DATA!M170 -> 0 | D76: 55585.67 | E76: 106009.52
A77: 33647.8 | B77: =DATA!M262 -> 1 | D77: 140671.21 | E77: 60175.22
A78: 33648.46 | B78: =DATA!M444 -> 1 | D78: 119718.19 | E78: 11462.63
A79: 33745.43 | B79: =DATA!M188 -> 1 | D79: 42983.99 | E79: 73040.67
A80: 33868.2 | B80: =DATA!M339 -> 1 | D80: 105598.56 | E80: 69509.76
A81: 33894.09 | B81: =DATA!M237 -> 0 | D81: 21151.48 | E81: 49445.48
A82: 34325.36 | B82: =DATA!M258 -> 1 | D82: 66914.65 | E82: 43662.79
A83: 34759.36 | B83: =DATA!M146 -> 0 | D83: 80375.98 | E83: 113646.28
A84: 35048.16 | B84: =DATA!M349 -> 0 | D84: 86790.47 | E84: 75716.98
A85: 35122.36 | B85: =DATA!M461 -> 1 | D85: 33137.16 | E85: 120812.2
A86: 35708.43 | B86: =DATA!M407 -> 1 | D86: 88266.73 | E86: 28096.07
A87: 35799.88 | B87: =DATA!M392 -> 1 | D87: 126167.25 | E87: 36084.61
A88: 35871.66 | B88: =DATA!M277 -> 0 | D88: 77687.86 | E88: 139690.22
A89: 36037.63 | B89: =DATA!M127 -> 0 | D89: 144755.61 | E89: 144202.79
A90: 36084.61 | B90: =DATA!M167 -> 1 | D90: 140547.93 | E90: 57614.96
A91: 36108.42 | B91: =DATA!M232 -> 0 | D91: 116721.45 | E91: 114104.65
A92: 36418.23 | B92: =DATA!M365 -> 1 | D92: 143728.42 | E92: 106102.67
A93: 36575.88 | B93: =DATA!M128 -> 1 | D93: 87508.69 | E93: 114757.22
A94: 36831.44 | B94: =DATA!M74 -> 0 | D94: 14185.62 | E94: 138662.49
A95: 36850.7 | B95: =DATA!M247 -> 0 | D95: 135564.73 | E95: 62160.12
A96: 37047.95 | B96: =DATA!M264 -> 0 | D96: 18606.01 | E96: 27139.72
A97: 37164.6 | B97: =DATA!M337 -> 1 | D97: 51011.37 | E97: 141135.62
A98: 37239.08 | B98: =DATA!M367 -> 1 | D98: 106372.6 | E98: 33745.43
A99: 37534.69 | B99: =DATA!M484 -> 0 | D99: 115636.53 | E99: 108093.18
A100: 37615.84 | B100: =DATA!M234 -> 1 | D100: 122196.71 | E100: 130888.76
...
